state,year,bd_2,bd_3,bd_4,bd_5,erp_17,erp_18,erp_19,erp_21,erp_22,erp_23,erp_f_10,erp_f_11,erp_f_12,erp_f_13,erp_f_14,erp_f_15,erp_f_16,erp_f_17,erp_f_18,erp_f_19,erp_f_20,erp_f_21,erp_f_22,erp_f_23,erp_f_24,erp_f_25,erp_f_26,erp_f_27,erp_f_28,erp_f_29,erp_f_2,erp_f_30,erp_f_31,erp_f_32,erp_f_33,erp_f_34,erp_f_35,erp_f_36,erp_f_37,erp_f_38,erp_f_3,erp_f_4,erp_f_5,erp_f_6,erp_f_7,erp_f_8,erp_f_9,erp_m_10,erp_m_11,erp_m_12,erp_m_13,erp_m_14,erp_m_15,erp_m_16,erp_m_17,erp_m_18,erp_m_19,erp_m_20,erp_m_21,erp_m_22,erp_m_23,erp_m_24,erp_m_25,erp_m_26,erp_m_27,erp_m_28,erp_m_29,erp_m_2,erp_m_30,erp_m_31,erp_m_32,erp_m_33,erp_m_34,erp_m_35,erp_m_36,erp_m_37,erp_m_38,erp_m_3,erp_m_4,erp_m_5,erp_m_6,erp_m_7,erp_m_8,erp_m_9,erp_p_10,erp_p_11,erp_p_12,erp_p_13,erp_p_14,erp_p_15,erp_p_16,erp_p_17,erp_p_18,erp_p_19,erp_p_20,erp_p_21,erp_p_22,erp_p_23,erp_p_24,erp_p_25,erp_p_26,erp_p_27,erp_p_28,erp_p_29,erp_p_2,erp_p_30,erp_p_31,erp_p_32,erp_p_33,erp_p_34,erp_p_35,erp_p_36,erp_p_37,erp_p_38,erp_p_3,erp_p_4,erp_p_5,erp_p_6,erp_p_7,erp_p_8,erp_p_9,ing_1564,ing_alc1,ing_alc2,ing_cultid,ing_disab1,ing_disab2,ing_disab3,ing_disab4,ing_disab5,ing_disab6,ing_disab7,ing_eetp1,ing_eetp2,ing_eetp3,ing_eetph1,ing_eetph2,ing_eetph3,ing_emp1,ing_emp2,ing_emp3,ing_erp_f,ing_erp_m,ing_erp_p,ing_f014,ing_f1524,ing_f2534,ing_f3544,ing_f4554,ing_f55over,ing_heap1,ing_heap2,ing_heap3,ing_hltc1,ing_hltc2,ing_hltc3,ing_hmlss1,ing_hmlss2,ing_hosd10,ing_hosd11,ing_hosd1,ing_hosd2,ing_hosd3,ing_hosd4,ing_hosd5,ing_hosd6,ing_hosd7,ing_hosd8,ing_hosd9,ing_labf,ing_lang1,ing_lang2,ing_lfpr,ing_lfsp1,ing_lfsp2,ing_lfsp3,ing_lthc1,ing_lthc2,ing_lthc3,ing_lthc4,ing_lthc5,ing_lthc6,ing_m014,ing_m1524,ing_m2534,ing_m3544,ing_m4554,ing_m55over,ing_ma_f,ing_ma_m,ing_ma_p,ing_nilf,ing_p014,ing_p1524,ing_p2534,ing_p3544,ing_p4554,ing_p55over,ing_sahlth,ing_smk1,ing_smk2,ing_ttype1,ing_ttype2,ing_ttype3,ing_ttype4,ing_ua1,ing_ua2,ing_unemp1,ing_unemp2,ing_upcc1,ing_upcc2,ing_upcc3,ing_upcc4,ing_upcc5,ing_upcc6,ing_upcc7,ing_upcc8,ing_usp1,ing_usp2,ing_usp3,ing_usp4,ing_volwp1,ing_volwp2,ing_wa1,ing_wa2,ing_yr12c3p1,ing_yr12c3p2,ing_yr12c3p3,land,pension_3,pension_4,pension_5
ACT,2015,,,,,,,,,,,,,,,,,,,,,,,,,,,,,,,,,,,,,,,,,,,,,,,,,,,,,,,,,,,,,,,,,,,,,,,,,,,,,,,,,,,,,,,,,,,,,,,,,,,,,,,,,,,,,,,,,,,,,,,,,,,3696.0,82.2,67.5,,,,,,,,,,,,,,,,,,,,,,,,,,,,,82.5,10.0,72.5,,,,,,,,,,,,,,,,,,,,,,,,,,,,,,,,,,,,,,,,,,,40.0,2751.0,62.2,,,,,,,,,,,,,,,,,,,,,,,,,,,,,,,
ACT,2016,,,,,,,,,,,,,,,,,,,,,,,,,,,,,,,,,,,,,,,,,,,,,,,,,,,,,,,,,,,,,,,,,,,,,,,,,,,,,,,,,,,,,,,,,,,,,,,,,,,,,,,,,,,,,,,,,,,,,,,,,,4196.0,,,,,,,,,,,60.5,15.7,23.8,948.0,73.7,1287.0,2735.0,90.8,65.2,,,,,,,,,,585.0,62.1,942.0,,,,95.0,6.0,0.0,5565.0,5099.0,91.6,344.0,6.2,81.0,1.5,36.0,0.6,0.0,3013.0,1.9,95.7,71.8,1997.0,70.1,2850.0,,,,,,,,,,,,,,,,28.3,,,,,,,,,,2558.0,43.0,3180.0,53.5,618.0,13.8,271.0,9.0,936.0,20.9,384.0,8.6,1385.0,31.0,2847.0,63.7,,,,,934.0,20.9,,,504.0,77.4,651.0,,,,
ACT,2018,5374.0,1.63,2127.0,5.2,,,,,,,,,,,,,,,,,,,,,,,,,,,,,,,,,,,,,,,,,,,,,,,,,,,,,,,,,,,,,,,,,,,,,,,,,,,,,,,,,,,,,,,,,,,,,,,,,,,,,,,,,,,,,,,,,,,,,,,,,,,,,,,,,,,,,,,,,,,,,,,,,,,,,,,,,,,,,,,,,,,,,,,,,,,,,,,,,,,,,,,,,,,,,,,,,,,,,,,,,,,,,,,,,,,,,,,,,,,,,,,,,,,,
ACT,2019,5520.0,1.61,2033.0,5.2,68.4,298244.0,34.4,184.8,35.6,35.0,14637.0,14609.0,12656.0,12090.0,10553.0,9369.0,8005.0,5309.0,3706.0,3953.0,220508.0,6.2,6.3,5.5,5.7,8.1,8.7,8.5,8.1,6.6,13620.0,6.6,5.7,5.5,4.8,4.2,3.6,2.4,1.7,1.8,13849.0,12088.0,12566.0,17778.0,19194.0,18755.0,17771.0,14798.0,14347.0,12225.0,11501.0,9451.0,8316.0,7261.0,4509.0,2961.0,2484.0,215222.0,6.7,6.8,6.0,6.1,8.3,8.7,8.4,8.1,6.9,14393.0,6.7,5.7,5.3,4.4,3.9,3.4,2.1,1.4,1.2,14701.0,12962.0,13080.0,17909.0,18789.0,18070.0,17465.0,29435.0,28956.0,24881.0,23591.0,20004.0,17685.0,15266.0,9818.0,6667.0,6437.0,435730.0,6.4,6.6,5.7,5.9,8.2,8.7,8.5,8.1,6.8,28013.0,6.6,5.7,5.4,4.6,4.1,3.5,2.3,1.5,1.5,28550.0,25050.0,25646.0,35687.0,37983.0,36825.0,35236.0,,4049.0,76.9,75.0,703.0,1245.0,548.0,636.0,3185.0,41.6,59.7,,,,,,,,,,,,,,,,,,,,,,79.2,10.4,68.8,,,,,,,,,,,,,,,,,,,,,19.5,1077.0,1010.0,4081.0,6227.0,80.5,,,,,,,,,,,,,,,,,40.4,3976.0,76.9,,,,,,,,,,,,,,,,,1639.0,20.8,2824.0,36.4,,,,,,,,,43.0,1242.0,288.0
ACT,2020,5368.0,1.48,2162.0,4.8,68.2,303346.0,34.6,188.7,36.0,35.3,15283.0,14811.0,13007.0,12282.0,10999.0,9609.0,8537.0,5684.0,3908.0,4037.0,225327.0,6.0,6.3,5.7,5.5,7.7,8.6,8.5,8.2,6.8,13519.0,6.6,5.8,5.5,4.9,4.3,3.8,2.5,1.7,1.8,14146.0,12790.0,12401.0,17322.0,19310.0,19211.0,18471.0,15151.0,14596.0,12601.0,11607.0,9822.0,8357.0,7649.0,4811.0,3100.0,2644.0,219576.0,6.5,6.8,6.2,5.9,7.9,8.7,8.6,8.2,6.9,14219.0,6.6,5.7,5.3,4.5,3.8,3.5,2.2,1.4,1.2,14917.0,13630.0,12968.0,17439.0,19183.0,18795.0,18087.0,30434.0,29407.0,25608.0,23889.0,20821.0,17966.0,16186.0,10495.0,7008.0,6681.0,444903.0,6.2,6.5,5.9,5.7,7.8,8.7,8.5,8.2,6.8,27738.0,6.6,5.8,5.4,4.7,4.0,3.6,2.4,1.6,1.5,29063.0,26420.0,25369.0,34761.0,38493.0,38006.0,36558.0,,,,,,,,,,,,,,,,,,,,,,,,,,,,,,,,,,,,,,,,,,,,,,,,,,,,,,,,,,,,,,,,,,,,,,,,,,,,,,,,,,,,,,,,,,,,,,,,,,,,,,,,,,,,,42.0,1143.0,264.0
ACT,2021,5543.0,1.48,2207.0,4.7,68.2,308608.0,34.7,191.9,36.2,35.4,16009.0,14636.0,13337.0,12126.0,11086.0,9644.0,8965.0,6087.0,4139.0,4191.0,229147.0,5.8,6.2,5.8,5.7,7.5,8.6,8.5,8.2,7.0,13181.0,6.4,5.8,5.3,4.8,4.2,3.9,2.7,1.8,1.8,14254.0,13218.0,13038.0,17271.0,19705.0,19467.0,18793.0,15675.0,14418.0,13154.0,11521.0,10001.0,8347.0,7754.0,5259.0,3231.0,2779.0,223361.0,6.2,6.7,6.3,6.0,7.8,8.9,8.6,8.3,7.0,13890.0,6.5,5.9,5.2,4.5,3.7,3.5,2.4,1.4,1.2,14956.0,14005.0,13387.0,17331.0,19958.0,19257.0,18438.0,31684.0,29054.0,26491.0,23647.0,21087.0,17991.0,16719.0,11346.0,7370.0,6970.0,452508.0,6.0,6.5,6.0,5.8,7.6,8.8,8.6,8.2,7.0,27071.0,6.4,5.9,5.2,4.7,4.0,3.7,2.5,1.6,1.5,29210.0,27223.0,26425.0,34602.0,39663.0,38724.0,37231.0,5840.0,,,,,,,,,,,61.1,15.6,23.2,1304.0,74.4,1753.0,4012.0,92.7,68.7,4690.0,4835.0,9525.0,1315.0,993.0,820.0,583.0,455.0,524.0,959.0,64.7,1482.0,,,,126.0,7.0,0.2,7826.0,7102.0,90.7,549.0,7.0,114.0,1.5,49.0,0.6,12.0,4326.0,3.0,93.9,74.1,2934.0,73.0,4020.0,,,,,,,1528.0,979.0,846.0,544.0,448.0,490.0,25.4,24.0,24.8,25.9,2843.0,1972.0,1666.0,1127.0,903.0,1014.0,,,,3647.0,44.1,4512.0,54.5,944.0,15.0,312.0,7.2,1238.0,19.7,474.0,7.5,1803.0,28.7,4275.0,68.1,,,,,945.0,15.1,6281.0,65.9,762.0,82.1,928.0,235813.3,42.0,1029.0,206.0
ACT,2022,5455.0,1.44,2563.0,4.9,68.2,311676.0,34.8,193.8,36.3,35.6,16554.0,14503.0,13713.0,11915.0,11128.0,9655.0,8948.0,6700.0,4342.0,4416.0,231316.0,5.6,6.1,5.8,5.5,7.6,8.7,8.6,8.1,7.2,12986.0,6.3,5.9,5.2,4.8,4.2,3.9,2.9,1.9,1.9,14128.0,13374.0,12721.0,17538.0,20031.0,19867.0,18797.0,16299.0,14327.0,13518.0,11381.0,10136.0,8387.0,7564.0,5737.0,3459.0,2876.0,225599.0,6.0,6.6,6.3,5.9,7.8,8.9,8.7,8.2,7.2,13638.0,6.4,6.0,5.0,4.5,3.7,3.4,2.5,1.5,1.3,14881.0,14148.0,13421.0,17486.0,20166.0,19625.0,18550.0,32853.0,28830.0,27231.0,23296.0,21264.0,18042.0,16512.0,12437.0,7801.0,7292.0,456915.0,5.8,6.3,6.0,5.7,7.7,8.8,8.6,8.2,7.2,26624.0,6.3,6.0,5.1,4.7,3.9,3.6,2.7,1.7,1.6,29009.0,27522.0,26142.0,35024.0,40197.0,39492.0,37347.0,,,,,,,,,,,,,,,,,,,,,,,,,,,,,,,,,,,,,,,,,,,,,,,,,,,,,,,,,,,,,,,,,,,,,,,,,,,,,,,,,,,,,,,,,,,,,,,,,,,,,,,,,,,,,51.0,1015.0,212.0
ACT,2023,5222.0,1.4,2395.0,4.9,68.5,319551.0,34.8,197.8,36.3,35.6,17296.0,14453.0,14145.0,11859.0,11133.0,9758.0,9027.0,7291.0,4538.0,4525.0,236245.0,5.4,5.9,5.8,5.4,7.8,8.8,8.8,8.1,7.3,12798.0,6.1,6.0,5.0,4.7,4.1,3.8,3.1,1.9,1.9,13886.0,13700.0,12746.0,18471.0,20766.0,20720.0,19133.0,16965.0,14414.0,13771.0,11440.0,10255.0,8432.0,7545.0,6219.0,3589.0,3000.0,230321.0,5.9,6.4,6.3,6.0,8.0,8.8,9.0,8.1,7.4,13613.0,6.3,6.0,5.0,4.5,3.7,3.3,2.7,1.6,1.3,14660.0,14434.0,13774.0,18501.0,20368.0,20664.0,18677.0,34261.0,28867.0,27916.0,23299.0,21388.0,18190.0,16572.0,13510.0,8127.0,7525.0,466359.0,5.7,6.1,6.0,5.7,7.9,8.8,8.9,8.1,7.3,26411.0,6.2,6.0,5.0,4.6,3.9,3.6,2.9,1.7,1.6,28546.0,28134.0,26520.0,36972.0,41134.0,41384.0,37810.0,,,,,,,,,,,,,,,,,,,,,,,,,,,,,,,,,,,,,,,,,,,,,,,,,,,,,,,,,,,,,,,,,,,,,,,,,,,,,,,,,,,,,,,,,,,,,,,,,,,,,,,,,,,,,57.0,940.0,204.0
ACT,2024,,,,,,,,200.9,,,,,,,,,,,,,,,,,,,,,,,,,,,,,,,,,,,,,,,,,,,,,,,,,,,,,,,,,,,,,,,,,,,,,,,,,,,,,,,,,,,,,,,473855.0,,,,,,,,,,,,,,,,,,,,,,,,,,,,,,,,,,,,,,,,,,,,,,,,,,,,,,,,,,,,,,,,,,,,,,,,,,,,,,,,,,,,,,,,,,,,,,,,,,,,,,,,,,,,,,,,,,,,,,,,,,,,,,,,,,,,,,,56.0,908.0,182.0
NSW,2015,,,,,,,,,,,,,,,,,,,,,,,,,,,,,,,,,,,,,,,,,,,,,,,,,,,,,,,,,,,,,,,,,,,,,,,,,,,,,,,,,,,,,,,,,,,,,,,,,,,,,,,,,,,,,,,,,,,,,,,,,,,107099.0,77.3,56.3,,,,,,,,,,,,,,,,,,,,,,,,,,,,,71.2,26.4,42.9,,,,,,,,,,,,,,,,,,,,,,,,,,,,,,,,,,,,,,,,,,,38.8,83789.0,60.5,,,,,,,,,,,,,,,,,,,,,,,,,,,,,,,
NSW,2016,,,,,,,,,,,,,,,,,,,,,,,,,,,,,,,,,,,,,,,,,,,,,,,,,,,,,,,,,,,,,,,,,,,,,,,,,,,,,,,,,,,,,,,,,,,,,,,,,,,,,,,,,,,,,,,,,,,,,,,,,,127179.0,,,,,,,,,,,43.4,17.4,39.2,23789.0,61.7,38572.0,64093.0,84.5,50.4,,,,,,,,,,11558.0,48.3,23931.0,,,,2278.0,6.0,0.3,183501.0,157619.0,85.9,19061.0,10.4,4866.0,2.7,1408.0,0.8,543.0,75865.0,0.9,98.0,59.7,47360.0,54.6,86732.0,,,,,,,,,,,,,,,,40.4,,,,,,,,,,79849.0,40.4,108309.0,54.7,20600.0,14.5,11769.0,15.5,29256.0,20.6,11740.0,8.3,42758.0,30.1,88442.0,62.3,,,,,21598.0,15.2,,,11164.0,64.3,17365.0,,,,
NSW,2018,107343.0,1.79,53633.0,5.3,,,,,,,,,,,,,,,,,,,,,,,,,,,,,,,,,,,,,,,,,,,,,,,,,,,,,,,,,,,,,,,,,,,,,,,,,,,,,,,,,,,,,,,,,,,,,,,,,,,,,,,,,,,,,,,,,,,,,,,,,,,,,,,,,,,,,,,,,,,,,,,,,,,,,,,,,,,,,,,,,,,,,,,,,,,,,,,,,,,,,,,,,,,,,,,,,,,,,,,,,,,,,,,,,,,,,,,,,,,,,,,,,,,,
NSW,2019,98906.0,1.78,56058.0,5.3,65.1,5240576.0,36.8,10.0,38.6,37.7,254373.0,266926.0,243384.0,252267.0,230159.0,202514.0,174630.0,124323.0,92119.0,106309.0,4047296.0,5.9,6.1,5.9,5.6,6.6,7.4,7.4,7.0,6.3,238785.0,6.6,6.0,6.2,5.7,5.0,4.3,3.1,2.3,2.6,247598.0,237747.0,227336.0,266364.0,298821.0,299912.0,283729.0,250782.0,260244.0,235380.0,243549.0,217330.0,191220.0,167536.0,114429.0,75549.0,65832.0,3999452.0,6.3,6.6,6.3,6.1,7.1,7.6,7.4,7.1,6.3,253365.0,6.5,5.9,6.1,5.4,4.8,4.2,2.9,1.9,1.6,262031.0,252185.0,244004.0,282850.0,303569.0,296769.0,282828.0,505155.0,527170.0,478764.0,495816.0,447489.0,393734.0,342166.0,238752.0,167668.0,172141.0,8046748.0,6.1,6.3,6.1,5.9,6.8,7.5,7.4,7.0,6.3,492150.0,6.6,5.9,6.2,5.6,4.9,4.3,3.0,2.1,2.1,509629.0,489932.0,471340.0,549214.0,602390.0,596681.0,566557.0,,141997.0,78.7,59.6,22220.0,39193.0,15511.0,24311.0,101443.0,37.3,62.9,,,,,,,,,,,,,,,,,,,,,,72.6,29.4,41.6,,,,,,,,,,,,,,,,,,,,,29.5,44246.0,36924.0,109503.0,191947.0,70.6,,,,,,,,,,,,,,,,,46.5,115500.0,64.0,,,,,,,,,,,,,,,,,69204.0,25.5,122451.0,45.1,,,,,,,,,805.0,26156.0,13135.0
NSW,2020,95459.0,1.76,52485.0,5.2,64.8,5255515.0,37.2,10.1,39.0,38.1,257525.0,266456.0,246041.0,253282.0,237116.0,208404.0,182150.0,130194.0,94962.0,107646.0,4079900.0,5.8,6.0,6.0,5.5,6.3,7.2,7.4,7.1,6.3,235778.0,6.5,6.0,6.2,5.8,5.1,4.5,3.2,2.3,2.6,246598.0,243524.0,224626.0,258376.0,294737.0,302029.0,290456.0,253126.0,261043.0,238082.0,244232.0,223003.0,195022.0,173785.0,120201.0,79230.0,67660.0,4030710.0,6.2,6.5,6.4,6.0,6.8,7.4,7.4,7.2,6.3,250224.0,6.5,5.9,6.1,5.5,4.8,4.3,3.0,2.0,1.7,261782.0,257935.0,241491.0,276091.0,299182.0,299129.0,289492.0,510651.0,527499.0,484123.0,497514.0,460119.0,403426.0,355935.0,250395.0,174192.0,175306.0,8110610.0,6.0,6.3,6.2,5.7,6.6,7.3,7.4,7.2,6.3,486002.0,6.5,6.0,6.1,5.7,5.0,4.4,3.1,2.1,2.2,508380.0,501459.0,466117.0,534467.0,593919.0,601158.0,579948.0,,,,,,,,,,,,,,,,,,,,,,,,,,,,,,,,,,,,,,,,,,,,,,,,,,,,,,,,,,,,,,,,,,,,,,,,,,,,,,,,,,,,,,,,,,,,,,,,,,,,,,,,,,,,,783.0,24495.0,11681.0
NSW,2021,101332.0,1.72,56525.0,5.1,64.3,5209700.0,37.7,10.1,39.5,38.6,263153.0,260715.0,252243.0,247965.0,240317.0,211037.0,187796.0,135708.0,97173.0,109787.0,4071669.0,5.7,6.0,6.1,5.5,6.0,6.9,7.4,7.2,6.5,232193.0,6.4,6.2,6.1,5.9,5.2,4.6,3.3,2.4,2.7,245467.0,246768.0,222554.0,243734.0,281425.0,300607.0,293027.0,257741.0,256646.0,244279.0,241583.0,226979.0,196703.0,177431.0,125832.0,82010.0,70196.0,4025393.0,6.1,6.5,6.5,5.9,6.5,7.1,7.4,7.3,6.4,246488.0,6.4,6.1,6.0,5.6,4.9,4.4,3.1,2.0,1.7,261143.0,261630.0,238716.0,263020.0,286918.0,295922.0,292156.0,520894.0,517361.0,496522.0,489548.0,467296.0,407740.0,365227.0,261540.0,179183.0,179983.0,8097062.0,5.9,6.3,6.3,5.7,6.3,7.0,7.4,7.2,6.4,478681.0,6.4,6.1,6.0,5.8,5.0,4.5,3.2,2.2,2.2,506610.0,508398.0,461270.0,506754.0,568343.0,596529.0,585183.0,163828.0,,,,,,,,,,,42.7,20.3,37.0,29599.0,62.0,47729.0,92356.0,90.0,56.4,169293.0,170417.0,339710.0,55670.0,30879.0,23841.0,17592.0,17153.0,24158.0,18762.0,54.1,34703.0,,,,2508.0,7.0,0.3,243919.0,213418.0,87.5,22080.0,9.1,6227.0,2.6,1549.0,0.6,645.0,102579.0,1.9,96.9,62.6,67497.0,59.6,113280.0,,,,,,,59525.0,32705.0,24108.0,16640.0,15703.0,21736.0,24.3,22.6,23.4,37.4,115195.0,63584.0,47949.0,34232.0,32856.0,45894.0,,,,112521.0,43.5,137702.0,53.2,27147.0,14.6,10223.0,10.0,38602.0,20.8,12373.0,6.7,53152.0,28.7,122358.0,66.0,,,,,19979.0,10.8,204377.0,60.2,15722.0,69.3,22675.0,80079765.9,722.0,21949.0,9273.0
NSW,2022,97884.0,1.72,62980.0,5.2,64.3,5247219.0,37.7,10.2,39.6,38.7,269356.0,255656.0,258756.0,243280.0,243142.0,214574.0,187660.0,145664.0,99280.0,111167.0,4106941.0,5.7,5.9,6.1,5.6,6.0,6.8,7.3,7.2,6.6,232951.0,6.2,6.3,5.9,5.9,5.2,4.6,3.5,2.4,2.7,243580.0,248854.0,230886.0,245736.0,279539.0,301289.0,295571.0,264203.0,250766.0,249894.0,236501.0,230524.0,199400.0,175241.0,134812.0,84516.0,72211.0,4059763.0,6.1,6.4,6.5,6.1,6.6,7.1,7.3,7.2,6.5,247060.0,6.2,6.2,5.8,5.7,4.9,4.3,3.3,2.1,1.8,258772.0,263743.0,248468.0,268004.0,286780.0,296203.0,292665.0,533559.0,506422.0,508650.0,479781.0,473666.0,413974.0,362901.0,280476.0,183796.0,183378.0,8166704.0,5.9,6.2,6.3,5.9,6.3,6.9,7.3,7.2,6.5,480011.0,6.2,6.2,5.9,5.8,5.1,4.4,3.4,2.3,2.2,502352.0,512597.0,479354.0,513740.0,566319.0,597492.0,588236.0,,,,,,,,,,,,,,,,,,,,,,,,,,,,,,,,,,,,,,,,,,,,,,,,,,,,,,,,,,,,,,,,,,,,,,,,,,,,,,,,,,,,,,,,,,,,,,,,,,,,,,,,,,,,,795.0,21557.0,9084.0
NSW,2023,91947.0,1.68,59451.0,5.3,64.6,5387800.0,37.5,10.4,39.4,38.4,278726.0,253974.0,263132.0,239534.0,245991.0,218871.0,189891.0,154521.0,101670.0,112480.0,4193144.0,5.6,5.8,6.0,5.8,6.2,7.0,7.4,7.2,6.6,233030.0,6.1,6.3,5.7,5.9,5.2,4.5,3.7,2.4,2.7,242252.0,250328.0,241341.0,261412.0,295335.0,309991.0,300665.0,275004.0,248070.0,254255.0,231764.0,233688.0,202430.0,175147.0,143006.0,86957.0,74326.0,4149141.0,6.0,6.2,6.4,6.3,6.9,7.3,7.4,7.2,6.6,246913.0,6.0,6.1,5.6,5.6,4.9,4.2,3.4,2.1,1.8,256717.0,265946.0,259782.0,287995.0,303869.0,306404.0,296868.0,553730.0,502044.0,517387.0,471298.0,479679.0,421301.0,365038.0,297527.0,188627.0,186806.0,8341199.0,5.8,6.0,6.2,6.0,6.6,7.2,7.4,7.2,6.6,479943.0,6.0,6.2,5.6,5.7,5.1,4.4,3.6,2.3,2.2,498969.0,516274.0,501123.0,549407.0,599204.0,616395.0,597533.0,,,,,,,,,,,,,,,,,,,,,,,,,,,,,,,,,,,,,,,,,,,,,,,,,,,,,,,,,,,,,,,,,,,,,,,,,,,,,,,,,,,,,,,,,,,,,,,,,,,,,,,,,,,,,817.0,20181.0,7855.0
NSW,2024,,,,,,,,10.6,,,,,,,,,,,,,,,,,,,,,,,,,,,,,,,,,,,,,,,,,,,,,,,,,,,,,,,,,,,,,,,,,,,,,,,,,,,,,,,,,,,,,,,8479314.0,,,,,,,,,,,,,,,,,,,,,,,,,,,,,,,,,,,,,,,,,,,,,,,,,,,,,,,,,,,,,,,,,,,,,,,,,,,,,,,,,,,,,,,,,,,,,,,,,,,,,,,,,,,,,,,,,,,,,,,,,,,,,,,,,,,,,,,818.0,19029.0,6839.0
NT,2015,,,,,,,,,,,,,,,,,,,,,,,,,,,,,,,,,,,,,,,,,,,,,,,,,,,,,,,,,,,,,,,,,,,,,,,,,,,,,,,,,,,,,,,,,,,,,,,,,,,,,,,,,,,,,,,,,,,,,,,,,,,38520.0,83.0,81.0,,,,,,,,,,,,,,,,,,,,,,,,,,,,,87.6,32.6,53.1,,,,,,,,,,,,,,,,,,,,,,,,,,,,,,,,,,,,,,,,,,,42.5,23489.0,50.6,,,,,,,,,,,,,,,,,,,,,,,,,,,,,,,
NT,2016,,,,,,,,,,,,,,,,,,,,,,,,,,,,,,,,,,,,,,,,,,,,,,,,,,,,,,,,,,,,,,,,,,,,,,,,,,,,,,,,,,,,,,,,,,,,,,,,,,,,,,,,,,,,,,,,,,,,,,,,,,34999.0,,,,,,,,,,,28.1,12.4,59.6,3701.0,40.0,9259.0,10919.0,73.1,31.2,,,,,,,,,,1263.0,18.1,6995.0,,,,12131.0,88.0,22.7,46939.0,18011.0,38.4,7672.0,16.3,6268.0,13.4,4333.0,9.2,10659.0,14946.0,65.6,33.4,42.7,8866.0,35.4,25054.0,,,,,,,,,,,,,,,,57.3,,,,,,,,,,6207.0,12.5,39206.0,79.1,6038.0,14.8,4032.0,27.0,8065.0,19.8,6827.0,16.7,17078.0,41.9,17867.0,43.8,,,,,4298.0,10.5,,,1561.0,37.5,4164.0,,,,
NT,2018,4050.0,1.94,1110.0,7.2,,,,,,,,,,,,,,,,,,,,,,,,,,,,,,,,,,,,,,,,,,,,,,,,,,,,,,,,,,,,,,,,,,,,,,,,,,,,,,,,,,,,,,,,,,,,,,,,,,,,,,,,,,,,,,,,,,,,,,,,,,,,,,,,,,,,,,,,,,,,,,,,,,,,,,,,,,,,,,,,,,,,,,,,,,,,,,,,,,,,,,,,,,,,,,,,,,,,,,,,,,,,,,,,,,,,,,,,,,,,,,,,,,,,
NT,2019,3658.0,1.88,1142.0,7.3,70.6,174060.0,32.9,0.2,33.0,33.0,8385.0,8220.0,7468.0,6768.0,5387.0,3905.0,2469.0,1487.0,771.0,625.0,120270.0,7.3,7.4,6.8,5.9,6.9,9.7,9.9,8.4,7.0,8768.0,6.8,6.2,5.6,4.5,3.2,2.1,1.2,0.6,0.5,8843.0,8146.0,7154.0,8244.0,11683.0,11884.0,10063.0,8636.0,8679.0,7740.0,7155.0,5717.0,4352.0,2933.0,1667.0,714.0,459.0,126289.0,7.5,7.4,6.8,6.3,7.5,9.1,9.3,8.1,6.8,9453.0,6.9,6.1,5.7,4.5,3.4,2.3,1.3,0.6,0.4,9329.0,8578.0,7965.0,9451.0,11493.0,11691.0,10277.0,17021.0,16899.0,15208.0,13923.0,11104.0,8257.0,5402.0,3154.0,1485.0,1084.0,246559.0,7.4,7.4,6.8,6.1,7.2,9.4,9.6,8.2,6.9,18221.0,6.9,6.2,5.6,4.5,3.3,2.2,1.3,0.6,0.4,18172.0,16724.0,15119.0,17695.0,23176.0,23575.0,20340.0,,43994.0,85.9,87.0,4472.0,8173.0,3845.0,8674.0,25247.0,34.7,65.2,,,,,,,,,,,,,,,,,,,,,,90.9,41.2,48.4,,,,,,,,,,,,,,,,,,,,,46.6,14580.0,8622.0,15591.0,38643.0,53.1,,,,,,,,,,,,,,,,,48.4,22689.0,44.3,,,,,,,,,,,,,,,,,56143.0,77.2,55215.0,75.9,,,,,,,,,14.0,348.0,70.0
NT,2020,3752.0,1.86,1141.0,7.2,70.3,173961.0,33.1,0.2,33.3,33.2,8576.0,8003.0,7641.0,6804.0,5635.0,4112.0,2734.0,1526.0,852.0,658.0,121415.0,7.1,7.3,6.8,6.0,6.7,9.6,9.7,8.5,7.1,8601.0,6.6,6.3,5.6,4.6,3.4,2.3,1.3,0.7,0.5,8809.0,8250.0,7312.0,8161.0,11599.0,11819.0,10323.0,8502.0,8397.0,7756.0,7153.0,5878.0,4448.0,3138.0,1742.0,844.0,468.0,126013.0,7.3,7.4,7.0,6.3,7.3,9.0,9.3,8.2,6.7,9246.0,6.7,6.2,5.7,4.7,3.5,2.5,1.4,0.7,0.4,9268.0,8771.0,7962.0,9151.0,11297.0,11718.0,10274.0,17078.0,16400.0,15397.0,13957.0,11513.0,8560.0,5872.0,3268.0,1696.0,1126.0,247428.0,7.2,7.3,6.9,6.2,7.0,9.3,9.5,8.3,6.9,17847.0,6.6,6.2,5.6,4.7,3.5,2.4,1.3,0.7,0.5,18077.0,17021.0,15274.0,17312.0,22896.0,23537.0,20597.0,,,,,,,,,,,,,,,,,,,,,,,,,,,,,,,,,,,,,,,,,,,,,,,,,,,,,,,,,,,,,,,,,,,,,,,,,,,,,,,,,,,,,,,,,,,,,,,,,,,,,,,,,,,,,13.0,307.0,67.0
NT,2021,3784.0,1.81,1211.0,7.2,70.1,173882.0,33.2,0.2,33.6,33.4,8740.0,7845.0,7799.0,6738.0,5777.0,4203.0,2975.0,1594.0,990.0,678.0,121985.0,6.9,7.3,6.7,6.0,6.6,9.4,9.8,8.5,7.2,8430.0,6.4,6.4,5.5,4.7,3.4,2.4,1.3,0.8,0.6,8848.0,8193.0,7292.0,8038.0,11468.0,11955.0,10422.0,8608.0,8157.0,7921.0,7107.0,5923.0,4542.0,3319.0,1807.0,935.0,517.0,126166.0,7.3,7.3,7.0,6.2,7.2,8.9,9.2,8.1,6.8,9174.0,6.5,6.3,5.6,4.7,3.6,2.6,1.4,0.7,0.4,9217.0,8847.0,7853.0,9107.0,11196.0,11659.0,10277.0,17348.0,16002.0,15720.0,13845.0,11700.0,8745.0,6294.0,3401.0,1925.0,1195.0,248151.0,7.1,7.3,6.9,6.1,6.9,9.1,9.5,8.3,7.0,17604.0,6.4,6.3,5.6,4.7,3.5,2.5,1.4,0.8,0.5,18065.0,17040.0,15145.0,17145.0,22664.0,23614.0,20699.0,39084.0,,,,,,,,,,,25.4,12.5,62.1,3602.0,34.8,10342.0,11988.0,78.9,30.7,38585.0,37902.0,76487.0,10398.0,6787.0,6488.0,5261.0,4537.0,5114.0,1701.0,19.0,8957.0,,,,11394.0,87.0,18.5,52068.0,22592.0,43.4,8720.0,16.7,6607.0,12.7,4491.0,8.6,9657.0,15186.0,63.0,35.9,38.9,9641.0,34.3,28094.0,,,,,,,11028.0,7281.0,6535.0,5004.0,4090.0,3964.0,28.1,25.9,27.0,61.1,21426.0,14068.0,13023.0,10265.0,8627.0,9078.0,,,,7745.0,14.3,42384.0,78.2,5874.0,13.4,3205.0,21.1,8236.0,18.7,8740.0,19.9,19556.0,44.5,20108.0,45.8,,,,,2551.0,5.8,51646.0,67.5,2039.0,40.2,5076.0,134813449.3,11.0,275.0,58.0
NT,2022,3614.0,1.79,1338.0,7.3,70.0,175269.0,33.4,0.2,33.7,33.5,8947.0,7730.0,7808.0,6660.0,5817.0,4338.0,3014.0,1780.0,1064.0,718.0,123228.0,6.8,7.1,6.8,6.1,6.4,9.5,9.9,8.6,7.3,8373.0,6.3,6.3,5.4,4.7,3.5,2.4,1.4,0.9,0.6,8742.0,8331.0,7463.0,7937.0,11695.0,12171.0,10640.0,8705.0,8011.0,7970.0,6997.0,6054.0,4586.0,3344.0,1982.0,1062.0,543.0,127000.0,7.0,7.2,7.1,6.3,7.1,8.8,9.4,8.3,6.9,8952.0,6.3,6.3,5.5,4.8,3.6,2.6,1.6,0.8,0.4,9145.0,8985.0,8024.0,8978.0,11212.0,11905.0,10545.0,17652.0,15741.0,15778.0,13657.0,11871.0,8924.0,6358.0,3762.0,2126.0,1261.0,250228.0,6.9,7.1,6.9,6.2,6.8,9.2,9.6,8.5,7.1,17325.0,6.3,6.3,5.5,4.7,3.6,2.5,1.5,0.8,0.5,17887.0,17316.0,15487.0,16915.0,22907.0,24076.0,21185.0,,,,,,,,,,,,,,,,,,,,,,,,,,,,,,,,,,,,,,,,,,,,,,,,,,,,,,,,,,,,,,,,,,,,,,,,,,,,,,,,,,,,,,,,,,,,,,,,,,,,,,,,,,,,,13.0,274.0,59.0
NT,2023,3316.0,1.71,1253.0,7.2,70.2,177342.0,33.6,0.2,33.8,33.7,9092.0,7719.0,7775.0,6696.0,5914.0,4425.0,3140.0,1986.0,1101.0,792.0,124708.0,6.6,6.8,6.8,6.1,6.5,9.5,10.0,8.7,7.3,8292.0,6.2,6.2,5.4,4.7,3.5,2.5,1.6,0.9,0.6,8427.0,8454.0,7611.0,8076.0,11809.0,12522.0,10877.0,9012.0,7766.0,8034.0,6906.0,6139.0,4637.0,3394.0,2132.0,1134.0,609.0,127821.0,6.8,7.1,7.0,6.5,7.0,8.8,9.4,8.4,7.1,8699.0,6.1,6.3,5.4,4.8,3.6,2.7,1.7,0.9,0.5,9049.0,8916.0,8324.0,8992.0,11263.0,12029.0,10786.0,18104.0,15485.0,15809.0,13602.0,12053.0,9062.0,6534.0,4118.0,2235.0,1401.0,253062.0,6.7,6.9,6.9,6.3,6.8,9.1,9.7,8.6,7.2,16991.0,6.1,6.3,5.4,4.8,3.6,2.6,1.6,0.9,0.6,17476.0,17370.0,15935.0,17068.0,23072.0,24551.0,21663.0,,,,,,,,,,,,,,,,,,,,,,,,,,,,,,,,,,,,,,,,,,,,,,,,,,,,,,,,,,,,,,,,,,,,,,,,,,,,,,,,,,,,,,,,,,,,,,,,,,,,,,,,,,,,,16.0,263.0,55.0
NT,2024,,,,,,,,0.2,,,,,,,,,,,,,,,,,,,,,,,,,,,,,,,,,,,,,,,,,,,,,,,,,,,,,,,,,,,,,,,,,,,,,,,,,,,,,,,,,,,,,,,255069.0,,,,,,,,,,,,,,,,,,,,,,,,,,,,,,,,,,,,,,,,,,,,,,,,,,,,,,,,,,,,,,,,,,,,,,,,,,,,,,,,,,,,,,,,,,,,,,,,,,,,,,,,,,,,,,,,,,,,,,,,,,,,,,,,,,,,,,,15.0,243.0,57.0
OT,2016,,,,,,,,,,,,,,,,,,,,,,,,,,,,,,,,,,,,,,,,,,,,,,,,,,,,,,,,,,,,,,,,,,,,,,,,,,,,,,,,,,,,,,,,,,,,,,,,,,,,,,,,,,,,,,,,,,,,,,,,,,127.0,,,,,,,,,,,32.4,20.9,48.9,11.0,55.0,20.0,54.0,85.7,42.5,,,,,,,,,,4.0,23.5,17.0,,,,,,6.0,182.0,98.0,53.8,29.0,15.9,22.0,12.1,30.0,16.5,11.0,63.0,17.2,80.4,49.6,42.0,42.4,99.0,,,,,,,,,,,,,,,,47.2,,,,,,,,,,8.0,3.6,158.0,71.5,30.0,17.5,5.0,7.9,16.0,9.4,19.0,11.1,40.0,23.4,95.0,55.6,,,,,30.0,17.5,,,3.0,100.0,3.0,,,,
OT,2019,,,,,65.6,3134.0,42.5,18.7,44.4,43.4,135.0,176.0,170.0,195.0,185.0,145.0,96.0,63.0,42.0,33.0,2240.0,5.8,5.7,5.8,4.7,4.6,4.7,6.2,7.1,6.0,129.0,7.9,7.6,8.7,8.3,6.5,4.3,2.8,1.9,1.5,128.0,130.0,106.0,102.0,106.0,139.0,160.0,142.0,200.0,175.0,202.0,182.0,186.0,111.0,76.0,41.0,29.0,2536.0,4.3,6.7,6.1,3.5,5.2,6.8,7.3,7.1,5.6,108.0,7.9,6.9,8.0,7.2,7.3,4.4,3.0,1.6,1.1,171.0,154.0,90.0,132.0,172.0,186.0,179.0,277.0,376.0,345.0,397.0,367.0,331.0,207.0,139.0,83.0,62.0,4776.0,5.0,6.3,5.9,4.1,4.9,5.8,6.8,7.1,5.8,237.0,7.9,7.2,8.3,7.7,6.9,4.3,2.9,1.7,1.3,299.0,284.0,196.0,234.0,278.0,325.0,339.0,,,,,,,,,,,,,,,,,,,,,,,,,,,,,,,,,,,,,,,,,,,,,,,,,,,,,,,,,,,,,,,,,,,,,,,,,,,,,,,,,,,,,,,,,,,,,,,,,,,,,,,,,,,,,,,
OT,2020,,,,,64.8,3110.0,42.6,18.8,44.9,43.7,138.0,161.0,173.0,191.0,188.0,147.0,106.0,79.0,47.0,32.0,2252.0,5.2,5.6,5.9,4.8,4.6,5.0,5.7,7.2,6.1,118.0,7.1,7.7,8.5,8.3,6.5,4.7,3.5,2.1,1.4,125.0,132.0,109.0,104.0,112.0,128.0,162.0,143.0,189.0,178.0,189.0,195.0,175.0,131.0,81.0,46.0,30.0,2551.0,4.5,6.7,6.2,3.2,5.0,6.9,7.1,7.3,5.6,115.0,7.4,7.0,7.4,7.6,6.9,5.1,3.2,1.8,1.2,170.0,159.0,82.0,127.0,176.0,180.0,185.0,281.0,350.0,351.0,380.0,383.0,322.0,237.0,160.0,93.0,62.0,4803.0,4.9,6.1,6.1,4.0,4.8,6.0,6.4,7.2,5.9,233.0,7.3,7.3,7.9,8.0,6.7,4.9,3.3,1.9,1.3,295.0,291.0,191.0,231.0,288.0,308.0,347.0,,,,,,,,,,,,,,,,,,,,,,,,,,,,,,,,,,,,,,,,,,,,,,,,,,,,,,,,,,,,,,,,,,,,,,,,,,,,,,,,,,,,,,,,,,,,,,,,,,,,,,,,,,,,,,13.0,
OT,2021,,,,,63.7,3091.0,42.5,19.0,44.9,43.6,142.0,145.0,173.0,194.0,193.0,157.0,109.0,81.0,54.0,34.0,2285.0,5.0,6.0,5.7,4.6,4.6,5.0,5.6,7.3,6.2,115.0,6.3,7.6,8.5,8.4,6.9,4.8,3.5,2.4,1.5,137.0,130.0,106.0,106.0,115.0,128.0,166.0,148.0,168.0,182.0,193.0,189.0,167.0,155.0,75.0,50.0,37.0,2565.0,5.3,6.0,6.5,3.4,4.6,6.7,7.0,7.3,5.8,136.0,6.5,7.1,7.5,7.4,6.5,6.0,2.9,1.9,1.4,154.0,168.0,88.0,117.0,171.0,180.0,187.0,290.0,313.0,355.0,387.0,382.0,324.0,264.0,156.0,104.0,71.0,4850.0,5.2,6.0,6.1,4.0,4.6,5.9,6.4,7.3,6.0,251.0,6.5,7.3,8.0,7.9,6.7,5.4,3.2,2.1,1.5,291.0,298.0,194.0,223.0,286.0,308.0,353.0,103.0,,,,,,,,,,,33.6,14.4,52.0,17.0,73.9,23.0,47.0,88.7,45.6,,,240.0,,,,,,,4.0,33.3,12.0,,,,,,0.0,146.0,108.0,74.0,18.0,12.3,29.0,19.9,0.0,0.0,0.0,53.0,6.1,84.0,51.5,35.0,46.1,76.0,,,,,,,,,,,,,,,42.8,48.5,50.0,33.0,22.0,18.0,41.0,76.0,,,,16.0,7.7,125.0,59.8,35.0,19.9,3.0,5.7,15.0,8.5,11.0,6.3,29.0,16.5,102.0,58.0,,,,,20.0,11.4,144.0,60.0,10.0,71.4,14.0,25574.2,,14.0,
OT,2022,,,,,63.5,3126.0,42.8,19.2,44.8,43.8,159.0,131.0,182.0,174.0,202.0,167.0,124.0,81.0,59.0,37.0,2325.0,4.4,6.0,5.7,5.1,4.5,5.0,5.8,6.9,6.8,102.0,5.6,7.8,7.5,8.7,7.2,5.3,3.5,2.5,1.6,139.0,133.0,118.0,104.0,117.0,136.0,160.0,155.0,157.0,182.0,189.0,200.0,164.0,177.0,75.0,54.0,37.0,2595.0,4.8,5.5,6.9,4.1,3.8,6.9,6.9,7.6,6.0,124.0,6.1,7.0,7.3,7.7,6.3,6.8,2.9,2.1,1.4,143.0,178.0,107.0,99.0,178.0,180.0,196.0,314.0,288.0,364.0,363.0,402.0,331.0,301.0,156.0,113.0,74.0,4920.0,4.6,5.7,6.3,4.6,4.1,6.0,6.4,7.2,6.4,226.0,5.9,7.4,7.4,8.2,6.7,6.1,3.2,2.3,1.5,282.0,311.0,225.0,203.0,295.0,316.0,356.0,,,,,,,,,,,,,,,,,,,,,,,,,,,,,,,,,,,,,,,,,,,,,,,,,,,,,,,,,,,,,,,,,,,,,,,,,,,,,,,,,,,,,,,,,,,,,,,,,,,,,,,,,,,,,,17.0,
OT,2023,,,,,62.8,3123.0,43.4,19.4,45.1,44.3,165.0,131.0,176.0,171.0,201.0,172.0,142.0,82.0,63.0,38.0,2346.0,3.8,6.4,5.0,5.4,4.3,5.4,5.9,6.6,7.0,90.0,5.6,7.5,7.3,8.6,7.3,6.1,3.5,2.7,1.6,149.0,118.0,127.0,100.0,127.0,138.0,156.0,175.0,145.0,191.0,176.0,200.0,178.0,181.0,85.0,61.0,45.0,2624.0,4.6,5.4,6.9,4.8,3.2,6.6,6.3,7.5,6.7,120.0,5.5,7.3,6.7,7.6,6.8,6.9,3.2,2.3,1.7,143.0,180.0,125.0,83.0,173.0,166.0,197.0,340.0,276.0,367.0,347.0,401.0,350.0,323.0,167.0,124.0,83.0,4967.0,4.2,5.9,6.0,5.1,3.7,6.0,6.1,7.1,6.8,210.0,5.6,7.4,7.0,8.1,7.0,6.5,3.4,2.5,1.7,292.0,298.0,252.0,183.0,300.0,304.0,353.0,,,,,,,,,,,,,,,,,,,,,,,,,,,,,,,,,,,,,,,,,,,,,,,,,,,,,,,,,,,,,,,,,,,,,,,,,,,,,,,,,,,,,,,,,,,,,,,,,,,,,,,,,,,,,,15.0,
OT,2024,,,,,,,,19.5,,,,,,,,,,,,,,,,,,,,,,,,,,,,,,,,,,,,,,,,,,,,,,,,,,,,,,,,,,,,,,,,,,,,,,,,,,,,,,,,,,,,,,,4994.0,,,,,,,,,,,,,,,,,,,,,,,,,,,,,,,,,,,,,,,,,,,,,,,,,,,,,,,,,,,,,,,,,,,,,,,,,,,,,,,,,,,,,,,,,,,,,,,,,,,,,,,,,,,,,,,,,,,,,,,,,,,,,,,,,,,,,,,,12.0,
QLD,2015,,,,,,,,,,,,,,,,,,,,,,,,,,,,,,,,,,,,,,,,,,,,,,,,,,,,,,,,,,,,,,,,,,,,,,,,,,,,,,,,,,,,,,,,,,,,,,,,,,,,,,,,,,,,,,,,,,,,,,,,,,,103783.0,84.3,67.4,,,,,,,,,,,,,,,,,,,,,,,,,,,,,79.7,15.2,60.7,,,,,,,,,,,,,,,,,,,,,,,,,,,,,,,,,,,,,,,,,,,38.7,72634.0,59.0,,,,,,,,,,,,,,,,,,,,,,,,,,,,,,,
QLD,2016,,,,,,,,,,,,,,,,,,,,,,,,,,,,,,,,,,,,,,,,,,,,,,,,,,,,,,,,,,,,,,,,,,,,,,,,,,,,,,,,,,,,,,,,,,,,,,,,,,,,,,,,,,,,,,,,,,,,,,,,,,109200.0,,,,,,,,,,,40.7,16.7,42.6,18322.0,55.4,33101.0,51783.0,79.7,47.4,,,,,,,,,,8976.0,42.4,21189.0,,,,4450.0,21.0,1.8,156485.0,124198.0,79.4,19286.0,12.3,7408.0,4.7,2704.0,1.7,2886.0,64962.0,7.3,89.9,59.5,38701.0,52.1,74325.0,,,,,,,,,,,,,,,,40.5,,,,,,,,,,50164.0,29.8,110759.0,65.8,15171.0,12.6,13177.0,20.3,25923.0,21.5,10556.0,8.8,38265.0,31.8,73560.0,61.1,,,,,18300.0,15.2,,,10400.0,69.5,14964.0,,,,
QLD,2018,61931.0,1.79,30860.0,5.5,,,,,,,,,,,,,,,,,,,,,,,,,,,,,,,,,,,,,,,,,,,,,,,,,,,,,,,,,,,,,,,,,,,,,,,,,,,,,,,,,,,,,,,,,,,,,,,,,,,,,,,,,,,,,,,,,,,,,,,,,,,,,,,,,,,,,,,,,,,,,,,,,,,,,,,,,,,,,,,,,,,,,,,,,,,,,,,,,,,,,,,,,,,,,,,,,,,,,,,,,,,,,,,,,,,,,,,,,,,,,,,,,,,,
QLD,2019,61735.0,1.76,32473.0,5.5,64.9,3302734.0,36.8,2.9,38.3,37.6,164423.0,177080.0,160262.0,161583.0,143447.0,127957.0,110143.0,74845.0,50978.0,55411.0,2567514.0,5.9,6.4,6.3,6.0,6.6,7.1,7.0,6.8,6.4,151629.0,6.9,6.2,6.3,5.6,5.0,4.3,2.9,2.0,2.2,164666.0,162824.0,153318.0,169911.0,182686.0,180512.0,175839.0,157466.0,171263.0,154281.0,154738.0,136562.0,122761.0,107895.0,71077.0,43718.0,34617.0,2521333.0,6.4,6.9,6.9,6.4,6.9,7.2,6.9,6.7,6.2,160529.0,6.8,6.1,6.1,5.4,4.9,4.3,2.8,1.7,1.4,173150.0,173913.0,161234.0,173212.0,180970.0,174361.0,169586.0,321889.0,348343.0,314543.0,316321.0,280009.0,250718.0,218038.0,145922.0,94696.0,90028.0,5088847.0,6.1,6.6,6.6,6.2,6.7,7.1,7.0,6.8,6.3,312158.0,6.8,6.2,6.2,5.5,4.9,4.3,2.9,1.9,1.8,337816.0,336737.0,314552.0,343123.0,363656.0,354873.0,345425.0,,112224.0,76.4,63.2,17708.0,26077.0,12806.0,24490.0,81352.0,35.6,64.4,,,,,,,,,,,,,,,,,,,,,,74.6,25.2,46.8,,,,,,,,,,,,,,,,,,,,,36.7,39605.0,27536.0,76894.0,144126.0,63.0,,,,,,,,,,,,,,,,,43.0,83491.0,56.9,,,,,,,,,,,,,,,,,91257.0,39.9,119557.0,52.2,,,,,,,,,1231.0,25219.0,9326.0
QLD,2020,59490.0,1.72,31367.0,5.3,64.7,3341746.0,37.2,3.0,38.7,37.9,166906.0,177216.0,164097.0,163639.0,148597.0,131185.0,115655.0,79872.0,53460.0,56662.0,2607075.0,5.7,6.3,6.4,5.9,6.4,7.0,7.0,6.9,6.4,149449.0,6.8,6.3,6.3,5.7,5.0,4.4,3.1,2.1,2.2,164156.0,167629.0,153830.0,167911.0,183037.0,182717.0,181057.0,158637.0,171954.0,157975.0,156379.0,141074.0,124947.0,112067.0,75830.0,46562.0,36003.0,2558538.0,6.2,6.8,7.0,6.3,6.7,7.1,6.9,6.8,6.2,158375.0,6.7,6.2,6.1,5.5,4.9,4.4,3.0,1.8,1.4,173354.0,178661.0,161984.0,171777.0,181197.0,177215.0,174547.0,325543.0,349170.0,322072.0,320018.0,289671.0,256132.0,227722.0,155702.0,100022.0,92665.0,5165613.0,6.0,6.5,6.7,6.1,6.6,7.1,7.0,6.9,6.3,307824.0,6.8,6.2,6.2,5.6,5.0,4.4,3.0,1.9,1.8,337510.0,346290.0,315814.0,339688.0,364234.0,359932.0,355604.0,,,,,,,,,,,,,,,,,,,,,,,,,,,,,,,,,,,,,,,,,,,,,,,,,,,,,,,,,,,,,,,,,,,,,,,,,,,,,,,,,,,,,,,,,,,,,,,,,,,,,,,,,,,,,1310.0,24195.0,8590.0
QLD,2021,64111.0,1.74,33858.0,5.2,64.5,3362261.0,37.6,3.0,39.2,38.4,170605.0,174377.0,169808.0,162654.0,153298.0,134165.0,120855.0,84971.0,55854.0,58054.0,2630271.0,5.6,6.2,6.5,5.9,6.2,6.8,7.0,7.0,6.5,146133.0,6.6,6.5,6.2,5.8,5.1,4.6,3.2,2.1,2.2,163433.0,170108.0,154990.0,163349.0,179078.0,183945.0,184594.0,161969.0,169461.0,164593.0,156075.0,145470.0,127241.0,115687.0,80717.0,49187.0,37785.0,2585543.0,6.0,6.7,7.0,6.3,6.5,6.9,6.9,6.9,6.3,155549.0,6.6,6.4,6.0,5.6,4.9,4.5,3.1,1.9,1.5,172978.0,180836.0,163340.0,168920.0,178193.0,178976.0,178566.0,332574.0,343838.0,334401.0,318729.0,298768.0,261406.0,236542.0,165688.0,105041.0,95839.0,5215814.0,5.8,6.4,6.7,6.1,6.4,6.8,7.0,7.0,6.4,301682.0,6.6,6.4,6.1,5.7,5.0,4.5,3.2,2.0,1.8,336411.0,350944.0,318330.0,332269.0,357271.0,362921.0,363160.0,140663.0,,,,,,,,,,,41.7,19.0,39.2,23722.0,58.1,40860.0,75504.0,86.5,53.7,136895.0,136224.0,273119.0,45317.0,25218.0,19609.0,14905.0,14007.0,17839.0,14817.0,47.2,31369.0,,,,4769.0,21.0,1.2,203440.0,165224.0,81.2,23457.0,11.5,8638.0,4.2,3633.0,1.8,2487.0,87254.0,8.4,89.5,62.0,55777.0,57.2,97429.0,,,,,,,47625.0,25801.0,19740.0,14068.0,13077.0,15913.0,24.1,22.8,23.4,38.0,92942.0,51019.0,39349.0,28973.0,27084.0,33752.0,,,,74351.0,34.2,135801.0,62.5,20506.0,13.1,11754.0,13.5,32396.0,20.6,12153.0,7.7,46884.0,29.8,101227.0,64.4,,,,,16824.0,10.7,165902.0,60.7,14926.0,75.0,19911.0,173017122.1,1341.0,22405.0,7205.0
QLD,2022,62094.0,1.72,38160.0,5.3,64.4,3426283.0,37.8,3.1,39.3,38.6,176278.0,172906.0,176124.0,162495.0,158102.0,137609.0,121995.0,92952.0,58865.0,59825.0,2685152.0,5.5,6.1,6.4,6.0,6.2,6.7,7.0,7.0,6.6,148685.0,6.4,6.6,6.1,5.9,5.1,4.5,3.5,2.2,2.2,163297.0,172858.0,160732.0,165410.0,179776.0,188387.0,188856.0,167997.0,167321.0,170241.0,156266.0,149675.0,129819.0,115974.0,87878.0,51921.0,39484.0,2635789.0,6.0,6.6,6.9,6.5,6.5,6.8,6.9,6.9,6.4,157848.0,6.3,6.5,5.9,5.7,4.9,4.4,3.3,2.0,1.5,173219.0,182429.0,170026.0,171090.0,180286.0,182410.0,181905.0,344275.0,340227.0,346365.0,318761.0,307777.0,267428.0,237969.0,180830.0,110786.0,99309.0,5320941.0,5.8,6.3,6.7,6.2,6.3,6.8,7.0,7.0,6.5,306533.0,6.4,6.5,6.0,5.8,5.0,4.5,3.4,2.1,1.9,336516.0,355287.0,330758.0,336500.0,360062.0,370797.0,370761.0,,,,,,,,,,,,,,,,,,,,,,,,,,,,,,,,,,,,,,,,,,,,,,,,,,,,,,,,,,,,,,,,,,,,,,,,,,,,,,,,,,,,,,,,,,,,,,,,,,,,,,,,,,,,,1514.0,22234.0,7274.0
QLD,2023,58458.0,1.69,36622.0,5.4,64.7,3530226.0,37.6,3.2,39.2,38.5,183787.0,172219.0,180664.0,162285.0,161727.0,141351.0,124170.0,99781.0,61736.0,61207.0,2756217.0,5.4,5.9,6.3,6.1,6.3,6.9,7.1,7.0,6.7,149946.0,6.2,6.6,5.9,5.9,5.1,4.5,3.6,2.2,2.2,163082.0,174689.0,168293.0,172901.0,189739.0,195929.0,192711.0,176113.0,165343.0,174565.0,156138.0,153235.0,132050.0,116775.0,93992.0,54354.0,41336.0,2704203.0,5.9,6.4,6.8,6.6,6.6,7.0,7.0,6.9,6.5,159163.0,6.1,6.5,5.8,5.7,4.9,4.3,3.5,2.0,1.5,172550.0,184012.0,178932.0,178831.0,190643.0,190418.0,185753.0,359900.0,337562.0,355229.0,318423.0,314962.0,273401.0,240945.0,193773.0,116090.0,102543.0,5460477.0,5.7,6.1,6.6,6.4,6.4,7.0,7.1,6.9,6.6,309109.0,6.2,6.5,5.8,5.8,5.0,4.4,3.5,2.1,1.9,335632.0,358701.0,347225.0,351732.0,380382.0,386347.0,378464.0,,,,,,,,,,,,,,,,,,,,,,,,,,,,,,,,,,,,,,,,,,,,,,,,,,,,,,,,,,,,,,,,,,,,,,,,,,,,,,,,,,,,,,,,,,,,,,,,,,,,,,,,,,,,,1618.0,21140.0,6661.0
QLD,2024,,,,,,,,3.2,,,,,,,,,,,,,,,,,,,,,,,,,,,,,,,,,,,,,,,,,,,,,,,,,,,,,,,,,,,,,,,,,,,,,,,,,,,,,,,,,,,,,,,5583833.0,,,,,,,,,,,,,,,,,,,,,,,,,,,,,,,,,,,,,,,,,,,,,,,,,,,,,,,,,,,,,,,,,,,,,,,,,,,,,,,,,,,,,,,,,,,,,,,,,,,,,,,,,,,,,,,,,,,,,,,,,,,,,,,,,,,,,,,1630.0,20113.0,6107.0
SA,2015,,,,,,,,,,,,,,,,,,,,,,,,,,,,,,,,,,,,,,,,,,,,,,,,,,,,,,,,,,,,,,,,,,,,,,,,,,,,,,,,,,,,,,,,,,,,,,,,,,,,,,,,,,,,,,,,,,,,,,,,,,,21518.0,86.7,62.3,,,,,,,,,,,,,,,,,,,,,,,,,,,,,75.8,14.3,60.1,,,,,,,,,,,,,,,,,,,,,,,,,,,,,,,,,,,,,,,,,,,40.3,14807.0,59.7,,,,,,,,,,,,,,,,,,,,,,,,,,,,,,,
SA,2016,,,,,,,,,,,,,,,,,,,,,,,,,,,,,,,,,,,,,,,,,,,,,,,,,,,,,,,,,,,,,,,,,,,,,,,,,,,,,,,,,,,,,,,,,,,,,,,,,,,,,,,,,,,,,,,,,,,,,,,,,,20206.0,,,,,,,,,,,38.0,17.3,44.6,3476.0,57.6,6030.0,8521.0,79.8,42.2,,,,,,,,,,1590.0,39.8,3994.0,,,,936.0,15.0,1.4,28141.0,23228.0,82.5,3044.0,10.8,1039.0,3.7,446.0,1.6,382.0,10679.0,10.2,88.6,52.9,6443.0,46.4,13877.0,,,,,,,,,,,,,,,,47.2,,,,,,,,,,9744.0,32.1,19015.0,62.6,3026.0,13.3,2154.0,20.2,4225.0,18.6,1987.0,8.7,6560.0,28.8,13929.0,61.2,,,,,3230.0,14.2,,,1616.0,61.4,2632.0,,,,
SA,2018,19113.0,1.7,13571.0,5.5,,,,,,,,,,,,,,,,,,,,,,,,,,,,,,,,,,,,,,,,,,,,,,,,,,,,,,,,,,,,,,,,,,,,,,,,,,,,,,,,,,,,,,,,,,,,,,,,,,,,,,,,,,,,,,,,,,,,,,,,,,,,,,,,,,,,,,,,,,,,,,,,,,,,,,,,,,,,,,,,,,,,,,,,,,,,,,,,,,,,,,,,,,,,,,,,,,,,,,,,,,,,,,,,,,,,,,,,,,,,,,,,,,,,
SA,2019,19490.0,1.67,13917.0,5.4,63.8,1127231.0,39.0,1.8,41.2,40.1,52756.0,57957.0,56661.0,59055.0,55304.0,50836.0,44726.0,31383.0,23218.0,28132.0,893901.0,5.4,5.8,5.7,5.6,6.3,6.6,6.7,6.5,5.9,48337.0,6.5,6.3,6.6,6.2,5.7,5.0,3.5,2.6,3.1,51553.0,51021.0,49924.0,56474.0,58818.0,59935.0,57811.0,52361.0,57056.0,55363.0,56980.0,52012.0,47069.0,41409.0,27721.0,18757.0,17223.0,873494.0,5.8,6.3,6.1,6.0,6.9,6.8,6.8,6.5,6.0,50989.0,6.5,6.3,6.5,6.0,5.4,4.7,3.2,2.1,2.0,54604.0,53186.0,52768.0,60325.0,59642.0,59218.0,56811.0,105117.0,115013.0,112024.0,116035.0,107316.0,97905.0,86135.0,59104.0,41975.0,45355.0,1767395.0,5.6,6.0,5.9,5.8,6.6,6.7,6.7,6.5,5.9,99326.0,6.5,6.3,6.6,6.1,5.5,4.9,3.3,2.4,2.6,106157.0,104207.0,102692.0,116799.0,118460.0,119153.0,114622.0,,23496.0,83.3,66.5,4449.0,6842.0,3100.0,5346.0,19732.0,45.8,54.7,,,,,,,,,,,,,,,,,,,,,,71.3,14.3,55.0,,,,,,,,,,,,,,,,,,,,,27.0,6738.0,6102.0,18716.0,31611.0,73.5,,,,,,,,,,,,,,,,,39.4,17791.0,63.1,,,,,,,,,,,,,,,,,9636.0,22.3,16996.0,39.5,,,,,,,,,266.0,8816.0,3158.0
SA,2020,18526.0,1.63,13607.0,5.3,63.5,1137170.0,39.2,1.8,41.5,40.3,53662.0,57177.0,57234.0,59386.0,57242.0,51934.0,46867.0,32996.0,24122.0,28293.0,905890.0,5.3,5.7,5.7,5.5,6.2,6.6,6.7,6.6,5.9,47999.0,6.3,6.3,6.6,6.3,5.7,5.2,3.6,2.7,3.1,51695.0,52052.0,49548.0,55724.0,59467.0,60773.0,59719.0,52523.0,56519.0,55944.0,57178.0,53347.0,47980.0,43265.0,29299.0,19582.0,17591.0,884465.0,5.7,6.2,6.2,5.9,6.8,6.9,6.8,6.6,5.9,50354.0,6.4,6.3,6.5,6.0,5.4,4.9,3.3,2.2,2.0,54519.0,54637.0,52390.0,59903.0,60713.0,59953.0,58768.0,106185.0,113696.0,113178.0,116564.0,110589.0,99914.0,90132.0,62295.0,43704.0,45884.0,1790355.0,5.5,5.9,6.0,5.7,6.5,6.7,6.7,6.6,5.9,98353.0,6.4,6.3,6.5,6.2,5.6,5.0,3.5,2.4,2.6,106214.0,106689.0,101938.0,115627.0,120180.0,120726.0,118487.0,,,,,,,,,,,,,,,,,,,,,,,,,,,,,,,,,,,,,,,,,,,,,,,,,,,,,,,,,,,,,,,,,,,,,,,,,,,,,,,,,,,,,,,,,,,,,,,,,,,,,,,,,,,,,269.0,8267.0,2821.0
SA,2021,19757.0,1.64,14494.0,5.2,63.2,1138874.0,39.5,1.8,41.8,40.6,54941.0,55755.0,58117.0,58641.0,58267.0,52617.0,48758.0,34867.0,24891.0,28776.0,911534.0,5.2,5.7,5.8,5.4,5.9,6.5,6.7,6.7,6.0,47640.0,6.1,6.4,6.4,6.4,5.8,5.3,3.8,2.7,3.2,51643.0,52676.0,48961.0,54144.0,59198.0,60763.0,60879.0,53385.0,55242.0,57240.0,56616.0,54641.0,48612.0,44450.0,31122.0,20188.0,18157.0,891067.0,5.6,6.1,6.2,5.8,6.5,6.9,6.8,6.8,6.0,49838.0,6.2,6.4,6.4,6.1,5.5,5.0,3.5,2.3,2.0,54346.0,55146.0,51943.0,58173.0,61269.0,60532.0,60167.0,108326.0,110997.0,115357.0,115257.0,112908.0,101229.0,93208.0,65989.0,45079.0,46933.0,1802601.0,5.4,5.9,6.0,5.6,6.2,6.7,6.7,6.7,6.0,97478.0,6.2,6.4,6.4,6.3,5.6,5.2,3.7,2.5,2.6,105989.0,107822.0,100904.0,112317.0,120467.0,121295.0,121046.0,25533.0,,,,,,,,,,,37.5,18.7,43.8,4028.0,55.5,7260.0,11972.0,84.2,46.9,25951.0,26118.0,52069.0,8502.0,4683.0,3940.0,2773.0,2703.0,3350.0,2444.0,42.2,5793.0,,,,1391.0,19.0,1.2,36231.0,29989.0,82.8,3725.0,10.3,1524.0,4.2,537.0,1.5,450.0,14215.0,10.8,87.9,55.7,8990.0,50.1,17934.0,,,,,,,8977.0,4949.0,3950.0,2730.0,2444.0,3068.0,24.5,23.0,23.8,44.3,17479.0,9632.0,7890.0,5503.0,5147.0,6418.0,,,,13637.0,35.4,23458.0,60.9,4114.0,14.4,2251.0,15.8,5182.0,18.1,2571.0,9.0,8266.0,28.9,18346.0,64.0,,,,,3062.0,10.7,31978.0,61.4,2262.0,64.6,3503.0,98423142.0,260.0,7440.0,2253.0
SA,2022,19449.0,1.62,15455.0,5.3,63.0,1148090.0,39.6,1.9,41.8,40.7,56277.0,54644.0,59176.0,57930.0,58958.0,53579.0,48687.0,37922.0,25544.0,28992.0,921083.0,5.2,5.6,5.8,5.5,5.8,6.5,6.7,6.7,6.1,47563.0,5.9,6.4,6.3,6.4,5.8,5.3,4.1,2.8,3.1,51306.0,53059.0,50396.0,53860.0,59641.0,61440.0,62109.0,54613.0,54005.0,57969.0,55827.0,55604.0,49229.0,44104.0,33856.0,20914.0,18684.0,900132.0,5.6,6.0,6.2,5.9,6.5,6.9,6.8,6.8,6.1,50053.0,6.0,6.4,6.2,6.2,5.5,4.9,3.8,2.3,2.1,53951.0,55682.0,53282.0,58220.0,62017.0,61074.0,61048.0,110890.0,108649.0,117145.0,113757.0,114562.0,102808.0,92791.0,71778.0,46458.0,47676.0,1821215.0,5.4,5.8,6.0,5.7,6.2,6.7,6.7,6.8,6.1,97616.0,6.0,6.4,6.2,6.3,5.6,5.1,3.9,2.6,2.6,105257.0,108741.0,103678.0,112080.0,121658.0,122514.0,123157.0,,,,,,,,,,,,,,,,,,,,,,,,,,,,,,,,,,,,,,,,,,,,,,,,,,,,,,,,,,,,,,,,,,,,,,,,,,,,,,,,,,,,,,,,,,,,,,,,,,,,,,,,,,,,,289.0,7259.0,2242.0
SA,2023,18504.0,1.6,15499.0,5.4,63.1,1169444.0,39.4,1.9,41.7,40.5,58499.0,54236.0,59402.0,57302.0,59709.0,54177.0,49227.0,40323.0,26329.0,29201.0,936285.0,5.1,5.5,5.7,5.6,5.9,6.6,6.8,6.8,6.2,47658.0,5.8,6.3,6.1,6.4,5.8,5.3,4.3,2.8,3.1,51171.0,53338.0,52561.0,54783.0,61563.0,63302.0,63504.0,57065.0,53327.0,57948.0,55268.0,56156.0,49892.0,44434.0,35968.0,21639.0,19145.0,915999.0,5.5,5.9,6.2,6.1,6.5,7.0,6.9,6.8,6.2,50036.0,5.8,6.3,6.0,6.1,5.4,4.9,3.9,2.4,2.1,53924.0,56378.0,55446.0,59852.0,64172.0,63198.0,62151.0,115564.0,107563.0,117350.0,112570.0,115865.0,104069.0,93661.0,76291.0,47968.0,48346.0,1852972.0,5.3,5.7,5.9,5.8,6.2,6.8,6.8,6.8,6.2,97694.0,5.8,6.3,6.1,6.3,5.6,5.1,4.1,2.6,2.6,105095.0,109716.0,108007.0,114635.0,125735.0,126500.0,125655.0,,,,,,,,,,,,,,,,,,,,,,,,,,,,,,,,,,,,,,,,,,,,,,,,,,,,,,,,,,,,,,,,,,,,,,,,,,,,,,,,,,,,,,,,,,,,,,,,,,,,,,,,,,,,,292.0,6765.0,2002.0
SA,2024,,,,,,,,1.9,,,,,,,,,,,,,,,,,,,,,,,,,,,,,,,,,,,,,,,,,,,,,,,,,,,,,,,,,,,,,,,,,,,,,,,,,,,,,,,,,,,,,,,1878011.0,,,,,,,,,,,,,,,,,,,,,,,,,,,,,,,,,,,,,,,,,,,,,,,,,,,,,,,,,,,,,,,,,,,,,,,,,,,,,,,,,,,,,,,,,,,,,,,,,,,,,,,,,,,,,,,,,,,,,,,,,,,,,,,,,,,,,,,292.0,6374.0,1798.0
TAS,2015,,,,,,,,,,,,,,,,,,,,,,,,,,,,,,,,,,,,,,,,,,,,,,,,,,,,,,,,,,,,,,,,,,,,,,,,,,,,,,,,,,,,,,,,,,,,,,,,,,,,,,,,,,,,,,,,,,,,,,,,,,,14233.0,85.0,36.0,,,,,,,,,,,,,,,,,,,,,,,,,,,,,48.7,20.0,27.3,,,,,,,,,,,,,,,,,,,,,,,,,,,,,,,,,,,,,,,,,,,37.1,10291.0,61.7,,,,,,,,,,,,,,,,,,,,,,,,,,,,,,,
TAS,2016,,,,,,,,,,,,,,,,,,,,,,,,,,,,,,,,,,,,,,,,,,,,,,,,,,,,,,,,,,,,,,,,,,,,,,,,,,,,,,,,,,,,,,,,,,,,,,,,,,,,,,,,,,,,,,,,,,,,,,,,,,14098.0,,,,,,,,,,,41.1,21.2,37.7,2557.0,62.4,4096.0,7642.0,87.0,54.2,,,,,,,,,,1288.0,47.0,2739.0,,,,130.0,8.0,0.0,20490.0,18418.0,89.9,1701.0,8.3,293.0,1.4,66.0,0.3,9.0,8782.0,0.3,99.1,62.3,5810.0,59.0,9851.0,,,,,,,,,,,,,,,,37.7,,,,,,,,,,11209.0,51.0,9909.0,45.1,2279.0,14.4,1143.0,13.0,3622.0,22.9,1369.0,8.7,5213.0,33.0,9800.0,62.1,,,,,2778.0,17.6,,,1142.0,62.7,1822.0,,,,
TAS,2018,5547.0,1.79,4287.0,6.1,,,,,,,,,,,,,,,,,,,,,,,,,,,,,,,,,,,,,,,,,,,,,,,,,,,,,,,,,,,,,,,,,,,,,,,,,,,,,,,,,,,,,,,,,,,,,,,,,,,,,,,,,,,,,,,,,,,,,,,,,,,,,,,,,,,,,,,,,,,,,,,,,,,,,,,,,,,,,,,,,,,,,,,,,,,,,,,,,,,,,,,,,,,,,,,,,,,,,,,,,,,,,,,,,,,,,,,,,,,,,,,,,,,,
TAS,2019,5741.0,1.68,4663.0,6.0,62.8,344216.0,40.5,8.1,42.8,41.7,15688.0,18029.0,17800.0,19894.0,18729.0,17320.0,14891.0,10165.0,7091.0,7552.0,276644.0,5.2,5.7,5.8,5.4,5.8,6.6,6.3,6.0,5.7,14314.0,6.5,6.4,7.2,6.8,6.3,5.4,3.7,2.6,2.7,15661.0,16137.0,14977.0,16155.0,18178.0,17543.0,16520.0,15013.0,17151.0,16763.0,18939.0,18086.0,16585.0,14351.0,9657.0,5991.0,4709.0,271197.0,5.6,6.1,6.4,5.9,6.4,6.8,6.4,5.8,5.5,15282.0,6.3,6.2,7.0,6.7,6.1,5.3,3.6,2.2,1.7,16664.0,17255.0,16028.0,17265.0,18436.0,17253.0,15769.0,30701.0,35180.0,34563.0,38833.0,36815.0,33905.0,29242.0,19822.0,13082.0,12261.0,547841.0,5.4,5.9,6.1,5.7,6.1,6.7,6.4,5.9,5.6,29596.0,6.4,6.3,7.1,6.7,6.2,5.3,3.6,2.4,2.2,32325.0,33392.0,31005.0,33420.0,36614.0,34796.0,32289.0,,16360.0,82.0,42.2,3886.0,4939.0,1836.0,3530.0,14145.0,47.3,52.3,,,,,,,,,,,,,,,,,,,,,,49.4,27.2,19.4,,,,,,,,,,,,,,,,,,,,,19.1,5024.0,3981.0,15097.0,23949.0,80.2,,,,,,,,,,,,,,,,,40.0,12419.0,62.0,,,,,,,,,,,,,,,,,3123.0,10.4,7704.0,25.8,,,,,,,,,100.0,3096.0,1233.0
TAS,2020,5780.0,1.62,4435.0,5.7,62.7,349551.0,40.5,8.2,42.8,41.7,15876.0,17826.0,18046.0,19744.0,19353.0,17578.0,15644.0,10735.0,7424.0,7673.0,281597.0,5.1,5.6,5.8,5.3,5.6,6.7,6.5,6.2,5.6,14281.0,6.3,6.4,7.0,6.9,6.2,5.6,3.8,2.6,2.7,15731.0,16367.0,14866.0,15815.0,18847.0,18406.0,17385.0,15133.0,16970.0,17023.0,18799.0,18494.0,16822.0,15041.0,10112.0,6354.0,4888.0,275981.0,5.5,6.0,6.4,5.8,6.0,6.9,6.7,6.0,5.5,15226.0,6.1,6.2,6.8,6.7,6.1,5.5,3.7,2.3,1.8,16579.0,17572.0,15974.0,16659.0,19172.0,18485.0,16678.0,31009.0,34796.0,35069.0,38543.0,37847.0,34400.0,30685.0,20847.0,13778.0,12561.0,557578.0,5.3,5.8,6.1,5.5,5.8,6.8,6.6,6.1,5.6,29507.0,6.2,6.3,6.9,6.8,6.2,5.5,3.7,2.5,2.3,32310.0,33939.0,30840.0,32474.0,38019.0,36891.0,34063.0,,,,,,,,,,,,,,,,,,,,,,,,,,,,,,,,,,,,,,,,,,,,,,,,,,,,,,,,,,,,,,,,,,,,,,,,,,,,,,,,,,,,,,,,,,,,,,,,,,,,,,,,,,,,,96.0,2908.0,1129.0
TAS,2021,6034.0,1.65,4769.0,5.7,62.7,355485.0,40.3,8.3,42.8,41.6,16367.0,17225.0,18654.0,19239.0,19912.0,17837.0,16198.0,11291.0,7768.0,7832.0,285835.0,5.0,5.5,5.8,5.2,5.4,6.9,6.8,6.3,5.7,14242.0,6.0,6.5,6.7,7.0,6.2,5.7,4.0,2.7,2.7,15622.0,16508.0,14750.0,15523.0,19599.0,19326.0,17942.0,15290.0,16636.0,17629.0,18381.0,18760.0,17118.0,15560.0,10542.0,6731.0,5106.0,281404.0,5.4,5.8,6.3,5.7,5.9,7.3,7.0,6.2,5.4,15193.0,5.9,6.3,6.5,6.7,6.1,5.5,3.7,2.4,1.8,16445.0,17761.0,15959.0,16564.0,20497.0,19699.0,17533.0,31657.0,33861.0,36283.0,37620.0,38672.0,34955.0,31758.0,21833.0,14499.0,12938.0,567239.0,5.2,5.7,6.0,5.4,5.7,7.1,6.9,6.3,5.6,29435.0,6.0,6.4,6.6,6.8,6.2,5.6,3.8,2.6,2.3,32067.0,34269.0,30709.0,32087.0,40096.0,39025.0,35475.0,18086.0,,,,,,,,,,,41.3,22.2,36.4,3208.0,63.3,5069.0,10604.0,89.7,58.6,17070.0,16787.0,33857.0,5263.0,2853.0,2375.0,1990.0,1790.0,2799.0,1928.0,51.2,3763.0,,,,247.0,11.0,0.2,26591.0,23609.0,88.8,2296.0,8.6,542.0,2.0,83.0,0.3,55.0,11825.0,0.6,98.8,65.4,8017.0,62.4,12844.0,,,,,,,5663.0,3133.0,2162.0,1647.0,1607.0,2575.0,26.7,23.4,25.0,34.6,10926.0,5986.0,4537.0,3637.0,3397.0,5374.0,,,,15482.0,54.6,11986.0,42.3,3299.0,16.0,1216.0,10.3,4522.0,21.9,1685.0,8.1,6511.0,31.5,13424.0,64.9,,,,,2809.0,13.6,20458.0,60.4,1622.0,68.1,2383.0,6801753.9,109.0,2577.0,919.0
TAS,2022,5506.0,1.59,5142.0,5.7,62.5,356671.0,40.5,8.4,43.0,41.8,16871.0,16733.0,18907.0,18877.0,20166.0,18199.0,16211.0,12275.0,7992.0,8045.0,287892.0,4.9,5.4,5.7,5.3,5.2,6.7,6.9,6.3,5.9,14181.0,5.8,6.6,6.6,7.0,6.3,5.6,4.3,2.8,2.8,15493.0,16392.0,15243.0,14946.0,19247.0,19914.0,18200.0,15849.0,16091.0,17993.0,17711.0,19185.0,17219.0,15445.0,11530.0,7066.0,5313.0,283159.0,5.3,5.8,6.2,5.8,5.7,7.0,7.1,6.4,5.6,15147.0,5.7,6.4,6.3,6.8,6.1,5.5,4.1,2.5,1.9,16326.0,17546.0,16436.0,16085.0,19947.0,20185.0,18085.0,32720.0,32824.0,36900.0,36588.0,39351.0,35418.0,31656.0,23805.0,15058.0,13358.0,571051.0,5.1,5.6,5.9,5.5,5.4,6.9,7.0,6.4,5.7,29328.0,5.7,6.5,6.4,6.9,6.2,5.5,4.2,2.6,2.3,31819.0,33938.0,31679.0,31031.0,39194.0,40099.0,36285.0,,,,,,,,,,,,,,,,,,,,,,,,,,,,,,,,,,,,,,,,,,,,,,,,,,,,,,,,,,,,,,,,,,,,,,,,,,,,,,,,,,,,,,,,,,,,,,,,,,,,,,,,,,,,,116.0,2532.0,924.0
TAS,2023,5597.0,1.55,5073.0,5.7,62.3,356872.0,40.7,8.4,43.1,41.9,17134.0,16383.0,18875.0,18528.0,20297.0,18502.0,16300.0,13115.0,8165.0,8235.0,289124.0,4.8,5.3,5.6,5.4,5.1,6.5,7.0,6.4,5.9,13977.0,5.7,6.5,6.4,7.0,6.4,5.6,4.5,2.8,2.8,15236.0,16287.0,15682.0,14686.0,18844.0,20251.0,18627.0,16337.0,15766.0,17883.0,17353.0,19191.0,17350.0,15515.0,12278.0,7340.0,5586.0,284032.0,5.2,5.7,6.1,6.0,5.5,6.8,7.3,6.5,5.8,14908.0,5.6,6.3,6.1,6.8,6.1,5.5,4.3,2.6,2.0,16195.0,17295.0,17043.0,15703.0,19194.0,20664.0,18431.0,33471.0,32149.0,36758.0,35881.0,39488.0,35852.0,31815.0,25393.0,15505.0,13821.0,573738.0,5.0,5.5,5.9,5.7,5.3,6.6,7.1,6.5,5.8,28885.0,5.6,6.4,6.3,6.9,6.3,5.6,4.4,2.7,2.4,31431.0,33582.0,32725.0,30389.0,38038.0,40915.0,37058.0,,,,,,,,,,,,,,,,,,,,,,,,,,,,,,,,,,,,,,,,,,,,,,,,,,,,,,,,,,,,,,,,,,,,,,,,,,,,,,,,,,,,,,,,,,,,,,,,,,,,,,,,,,,,,127.0,2356.0,827.0
TAS,2024,,,,,,,,8.5,,,,,,,,,,,,,,,,,,,,,,,,,,,,,,,,,,,,,,,,,,,,,,,,,,,,,,,,,,,,,,,,,,,,,,,,,,,,,,,,,,,,,,,575496.0,,,,,,,,,,,,,,,,,,,,,,,,,,,,,,,,,,,,,,,,,,,,,,,,,,,,,,,,,,,,,,,,,,,,,,,,,,,,,,,,,,,,,,,,,,,,,,,,,,,,,,,,,,,,,,,,,,,,,,,,,,,,,,,,,,,,,,,125.0,2207.0,756.0
VIC,2015,,,,,,,,,,,,,,,,,,,,,,,,,,,,,,,,,,,,,,,,,,,,,,,,,,,,,,,,,,,,,,,,,,,,,,,,,,,,,,,,,,,,,,,,,,,,,,,,,,,,,,,,,,,,,,,,,,,,,,,,,,,27600.0,85.4,57.5,,,,,,,,,,,,,,,,,,,,,,,,,,,,,69.9,17.1,50.0,,,,,,,,,,,,,,,,,,,,,,,,,,,,,,,,,,,,,,,,,,,40.2,19458.0,60.4,,,,,,,,,,,,,,,,,,,,,,,,,,,,,,,
VIC,2016,,,,,,,,,,,,,,,,,,,,,,,,,,,,,,,,,,,,,,,,,,,,,,,,,,,,,,,,,,,,,,,,,,,,,,,,,,,,,,,,,,,,,,,,,,,,,,,,,,,,,,,,,,,,,,,,,,,,,,,,,,28618.0,,,,,,,,,,,46.0,18.0,36.0,5591.0,65.4,8551.0,15062.0,85.9,52.6,,,,,,,,,,3257.0,56.5,5764.0,,,,783.0,3.0,0.3,40336.0,35320.0,87.6,3763.0,9.3,949.0,2.4,197.0,0.5,109.0,17543.0,1.0,96.5,61.3,11306.0,57.3,19738.0,,,,,,,,,,,,,,,,38.7,,,,,,,,,,18813.0,43.0,22551.0,51.6,4560.0,14.3,2484.0,14.2,6428.0,20.2,2607.0,8.2,9408.0,29.5,20129.0,63.1,,,,,5878.0,18.4,,,2781.0,69.6,3997.0,,,,
VIC,2018,78488.0,1.72,38231.0,5.0,,,,,,,,,,,,,,,,,,,,,,,,,,,,,,,,,,,,,,,,,,,,,,,,,,,,,,,,,,,,,,,,,,,,,,,,,,,,,,,,,,,,,,,,,,,,,,,,,,,,,,,,,,,,,,,,,,,,,,,,,,,,,,,,,,,,,,,,,,,,,,,,,,,,,,,,,,,,,,,,,,,,,,,,,,,,,,,,,,,,,,,,,,,,,,,,,,,,,,,,,,,,,,,,,,,,,,,,,,,,,,,,,,,,
VIC,2019,77220.0,1.64,43944.0,5.1,66.3,4332060.0,36.0,28.7,37.8,36.9,209349.0,219932.0,200748.0,197516.0,178988.0,157895.0,135298.0,96001.0,71755.0,83008.0,3300774.0,5.9,6.0,5.7,5.6,6.9,7.8,7.9,7.2,6.3,195022.0,6.7,6.1,6.0,5.4,4.8,4.1,2.9,2.2,2.5,198336.0,186987.0,184226.0,228814.0,258310.0,259846.0,238743.0,206163.0,210007.0,191805.0,187886.0,167543.0,145454.0,125976.0,86352.0,58287.0,51327.0,3236531.0,6.4,6.5,6.1,6.0,7.6,8.1,7.8,7.3,6.4,206129.0,6.5,5.9,5.8,5.2,4.5,3.9,2.7,1.8,1.6,209261.0,198157.0,194556.0,245693.0,261950.0,253989.0,235996.0,415512.0,429939.0,392553.0,385402.0,346531.0,303349.0,261274.0,182353.0,130042.0,134335.0,6537305.0,6.1,6.2,5.9,5.8,7.3,8.0,7.9,7.3,6.4,401151.0,6.6,6.0,5.9,5.3,4.6,4.0,2.8,2.0,2.1,407597.0,385144.0,378782.0,474507.0,520260.0,513835.0,474739.0,,30933.0,79.0,67.5,6459.0,9680.0,4908.0,5630.0,26920.0,44.7,55.3,,,,,,,,,,,,,,,,,,,,,,65.5,17.5,46.6,,,,,,,,,,,,,,,,,,,,,23.1,12000.0,8685.0,25717.0,46047.0,76.4,,,,,,,,,,,,,,,,,44.5,25603.0,65.5,,,,,,,,,,,,,,,,,10848.0,17.9,21317.0,35.4,,,,,,,,,520.0,17838.0,8160.0
VIC,2020,73543.0,1.55,41093.0,5.1,66.0,4365870.0,36.4,29.1,38.2,37.3,213034.0,219276.0,204913.0,200134.0,185876.0,163115.0,142468.0,100174.0,74315.0,84073.0,3341372.0,5.8,6.0,5.8,5.4,6.6,7.7,7.9,7.4,6.4,192226.0,6.6,6.1,6.0,5.6,4.9,4.3,3.0,2.2,2.5,199227.0,192458.0,181521.0,221289.0,256318.0,263622.0,247333.0,209348.0,210083.0,195684.0,189586.0,172421.0,149334.0,131200.0,90306.0,60919.0,52652.0,3273674.0,6.2,6.4,6.2,5.9,7.3,8.0,7.9,7.5,6.4,202936.0,6.4,6.0,5.8,5.3,4.6,4.0,2.8,1.9,1.6,210533.0,203240.0,192616.0,238531.0,262371.0,257653.0,244261.0,422382.0,429359.0,400597.0,389720.0,358297.0,312449.0,273668.0,190480.0,135234.0,136725.0,6615046.0,6.0,6.2,6.0,5.7,7.0,7.8,7.9,7.4,6.4,395162.0,6.5,6.1,5.9,5.4,4.7,4.1,2.9,2.0,2.1,409760.0,395698.0,374137.0,459820.0,518689.0,521275.0,491594.0,,,,,,,,,,,,,,,,,,,,,,,,,,,,,,,,,,,,,,,,,,,,,,,,,,,,,,,,,,,,,,,,,,,,,,,,,,,,,,,,,,,,,,,,,,,,,,,,,,,,,,,,,,,,,504.0,16748.0,7198.0
VIC,2021,75363.0,1.52,42486.0,5.1,65.4,4282802.0,37.0,28.8,38.8,37.9,216784.0,212510.0,209130.0,196785.0,186920.0,164330.0,147137.0,104574.0,75756.0,85518.0,3310228.0,5.7,6.0,5.9,5.4,6.1,7.3,7.8,7.5,6.5,188390.0,6.4,6.3,5.9,5.6,5.0,4.4,3.2,2.3,2.6,198141.0,193745.0,178617.0,203094.0,240676.0,258724.0,249397.0,211582.0,205788.0,199667.0,187581.0,173732.0,150504.0,133355.0,94281.0,63044.0,54315.0,3237594.0,6.1,6.5,6.3,5.8,6.7,7.6,7.8,7.6,6.5,197636.0,6.4,6.2,5.8,5.4,4.6,4.1,2.9,1.9,1.7,209607.0,204687.0,188820.0,217862.0,247078.0,252120.0,245935.0,428366.0,418298.0,408797.0,384366.0,360652.0,314834.0,280492.0,198855.0,138800.0,139833.0,6547822.0,5.9,6.2,6.1,5.6,6.4,7.4,7.8,7.6,6.5,386026.0,6.4,6.2,5.9,5.5,4.8,4.3,3.0,2.1,2.1,407748.0,398432.0,367437.0,420956.0,487754.0,510844.0,495332.0,39682.0,,,,,,,,,,,47.0,19.1,33.9,7380.0,65.5,11267.0,22984.0,90.3,57.9,39038.0,39658.0,78696.0,12902.0,7165.0,5961.0,4072.0,3790.0,5148.0,5524.0,58.5,9443.0,,,,1109.0,4.0,0.2,57334.0,50888.0,88.8,4636.0,8.1,1339.0,2.3,378.0,0.7,92.0,25439.0,1.6,95.9,64.1,17309.0,62.0,27928.0,,,,,,,13325.0,7389.0,6326.0,4090.0,3790.0,4738.0,24.2,23.7,24.0,35.9,26227.0,14554.0,12287.0,8162.0,7580.0,9886.0,,,,27181.0,44.7,31496.0,51.8,7306.0,16.4,2451.0,9.6,8863.0,19.9,2993.0,6.7,12363.0,27.7,29859.0,67.0,,,,,5840.0,13.1,48156.0,61.2,4167.0,72.6,5739.0,22749624.8,444.0,14958.0,5678.0
VIC,2022,75189.0,1.51,47978.0,5.1,65.4,4336677.0,37.1,29.1,38.9,38.0,223617.0,208785.0,214450.0,195377.0,189443.0,167320.0,147082.0,112815.0,78021.0,86638.0,3352870.0,5.6,5.9,5.8,5.5,6.1,7.2,7.8,7.6,6.7,188366.0,6.2,6.4,5.8,5.7,5.0,4.4,3.4,2.3,2.6,198083.0,195796.0,185459.0,205854.0,240672.0,261424.0,253668.0,218830.0,202989.0,204050.0,185892.0,176753.0,152719.0,132273.0,101125.0,65266.0,55754.0,3277761.0,6.0,6.4,6.3,6.0,6.7,7.6,7.7,7.6,6.7,196918.0,6.2,6.2,5.7,5.4,4.7,4.0,3.1,2.0,1.7,209486.0,206292.0,195915.0,219852.0,249464.0,253599.0,250584.0,442447.0,411774.0,418500.0,381269.0,366196.0,320039.0,279355.0,213940.0,143287.0,142392.0,6630631.0,5.8,6.1,6.1,5.8,6.4,7.4,7.8,7.6,6.7,385284.0,6.2,6.3,5.8,5.5,4.8,4.2,3.2,2.2,2.1,407569.0,402088.0,381374.0,425706.0,490136.0,515023.0,504252.0,,,,,,,,,,,,,,,,,,,,,,,,,,,,,,,,,,,,,,,,,,,,,,,,,,,,,,,,,,,,,,,,,,,,,,,,,,,,,,,,,,,,,,,,,,,,,,,,,,,,,,,,,,,,,471.0,14674.0,5552.0
VIC,2023,71889.0,1.49,45326.0,5.2,65.7,4480278.0,36.9,30.0,38.7,37.8,234154.0,209030.0,217735.0,195456.0,192342.0,170944.0,148991.0,120630.0,79695.0,88018.0,3445049.0,5.5,5.8,5.8,5.7,6.4,7.4,7.8,7.6,6.8,189885.0,6.1,6.3,5.7,5.6,5.0,4.3,3.5,2.3,2.6,198801.0,199241.0,195250.0,219400.0,253416.0,270377.0,261684.0,230326.0,203291.0,206574.0,185587.0,179940.0,155541.0,133032.0,107597.0,66947.0,57541.0,3370392.0,5.9,6.2,6.2,6.1,7.0,7.8,7.8,7.7,6.8,198024.0,6.0,6.1,5.5,5.3,4.6,3.9,3.2,2.0,1.7,210190.0,210086.0,206823.0,234777.0,262471.0,263536.0,258109.0,464480.0,412321.0,424309.0,381043.0,372282.0,326485.0,282023.0,228227.0,146642.0,145559.0,6816241.0,5.7,6.0,6.0,5.9,6.7,7.6,7.8,7.6,6.8,387909.0,6.0,6.2,5.6,5.5,4.8,4.1,3.3,2.2,2.1,408991.0,409327.0,402073.0,454177.0,515887.0,533913.0,519793.0,,,,,,,,,,,,,,,,,,,,,,,,,,,,,,,,,,,,,,,,,,,,,,,,,,,,,,,,,,,,,,,,,,,,,,,,,,,,,,,,,,,,,,,,,,,,,,,,,,,,,,,,,,,,,470.0,13718.0,4872.0
VIC,2024,,,,,,,,30.7,,,,,,,,,,,,,,,,,,,,,,,,,,,,,,,,,,,,,,,,,,,,,,,,,,,,,,,,,,,,,,,,,,,,,,,,,,,,,,,,,,,,,,,6978719.0,,,,,,,,,,,,,,,,,,,,,,,,,,,,,,,,,,,,,,,,,,,,,,,,,,,,,,,,,,,,,,,,,,,,,,,,,,,,,,,,,,,,,,,,,,,,,,,,,,,,,,,,,,,,,,,,,,,,,,,,,,,,,,,,,,,,,,,470.0,12989.0,4237.0
WA,2015,,,,,,,,,,,,,,,,,,,,,,,,,,,,,,,,,,,,,,,,,,,,,,,,,,,,,,,,,,,,,,,,,,,,,,,,,,,,,,,,,,,,,,,,,,,,,,,,,,,,,,,,,,,,,,,,,,,,,,,,,,,45830.0,80.6,71.2,,,,,,,,,,,,,,,,,,,,,,,,,,,,,80.2,29.6,49.2,,,,,,,,,,,,,,,,,,,,,,,,,,,,,,,,,,,,,,,,,,,41.0,30877.0,54.4,,,,,,,,,,,,,,,,,,,,,,,,,,,,,,,
WA,2016,,,,,,,,,,,,,,,,,,,,,,,,,,,,,,,,,,,,,,,,,,,,,,,,,,,,,,,,,,,,,,,,,,,,,,,,,,,,,,,,,,,,,,,,,,,,,,,,,,,,,,,,,,,,,,,,,,,,,,,,,,45048.0,,,,,,,,,,,36.5,15.1,48.4,6384.0,51.5,12386.0,18001.0,77.6,40.0,,,,,,,,,,3053.0,33.8,9033.0,,,,2618.0,29.0,3.0,59414.0,44655.0,75.2,7963.0,13.4,3492.0,5.9,1510.0,2.5,1796.0,23192.0,14.3,84.6,51.5,14137.0,44.7,31605.0,,,,,,,,,,,,,,,,48.5,,,,,,,,,,18554.0,28.6,42380.0,65.2,6219.0,12.3,5190.0,22.4,9543.0,18.9,4846.0,9.6,15384.0,30.4,28875.0,57.1,,,,,6249.0,12.3,,,3213.0,57.4,5595.0,,,,
WA,2018,33257.0,1.82,14652.0,5.2,,,,,,,,,,,,,,,,,,,,,,,,,,,,,,,,,,,,,,,,,,,,,,,,,,,,,,,,,,,,,,,,,,,,,,,,,,,,,,,,,,,,,,,,,,,,,,,,,,,,,,,,,,,,,,,,,,,,,,,,,,,,,,,,,,,,,,,,,,,,,,,,,,,,,,,,,,,,,,,,,,,,,,,,,,,,,,,,,,,,,,,,,,,,,,,,,,,,,,,,,,,,,,,,,,,,,,,,,,,,,,,,,,,,
WA,2019,33539.0,1.78,15042.0,5.0,65.7,1748180.0,36.6,1.1,37.8,37.2,86734.0,90188.0,83825.0,82137.0,73617.0,63777.0,52425.0,36387.0,26360.0,28404.0,1328458.0,6.3,6.5,6.2,5.7,6.2,7.1,7.8,7.3,6.5,83773.0,6.8,6.3,6.2,5.5,4.8,3.9,2.7,2.0,2.1,85826.0,82269.0,75528.0,82029.0,94462.0,103272.0,97445.0,87272.0,91553.0,84110.0,81252.0,70705.0,60962.0,51267.0,33931.0,21943.0,17622.0,1331167.0,6.7,6.8,6.5,6.0,6.6,7.1,7.7,7.4,6.6,89404.0,6.9,6.3,6.1,5.3,4.6,3.9,2.5,1.6,1.3,89992.0,87103.0,79966.0,87415.0,94964.0,103024.0,98682.0,174006.0,181741.0,167935.0,163389.0,144322.0,124739.0,103692.0,70318.0,48303.0,46026.0,2659625.0,6.5,6.6,6.4,5.8,6.4,7.1,7.8,7.4,6.5,173177.0,6.8,6.3,6.1,5.4,4.7,3.9,2.6,1.8,1.7,175818.0,169372.0,155494.0,169444.0,189426.0,206296.0,196127.0,,52892.0,80.6,74.8,6963.0,9595.0,4988.0,12809.0,34380.0,34.5,65.5,,,,,,,,,,,,,,,,,,,,,,79.6,27.4,51.5,,,,,,,,,,,,,,,,,,,,,37.7,20732.0,12831.0,28490.0,62365.0,62.5,,,,,,,,,,,,,,,,,44.5,37866.0,57.8,,,,,,,,,,,,,,,,,34940.0,35.0,44567.0,44.7,,,,,,,,,347.0,10678.0,2975.0
WA,2020,32426.0,1.72,14993.0,4.9,65.4,1773866.0,37.0,1.1,38.2,37.6,88684.0,90547.0,85629.0,83651.0,76678.0,66736.0,56194.0,38259.0,27707.0,29430.0,1355781.0,6.2,6.4,6.3,5.6,6.1,6.9,7.7,7.5,6.5,83464.0,6.7,6.3,6.2,5.7,4.9,4.1,2.8,2.0,2.2,86648.0,85038.0,75958.0,82332.0,93749.0,103946.0,101131.0,88915.0,91636.0,86300.0,82861.0,73607.0,62877.0,54422.0,36115.0,23301.0,18775.0,1357131.0,6.5,6.7,6.6,6.0,6.5,7.0,7.6,7.5,6.6,88876.0,6.8,6.4,6.1,5.4,4.6,4.0,2.7,1.7,1.4,91227.0,89977.0,80793.0,87577.0,94571.0,103122.0,102179.0,177599.0,182183.0,171929.0,166512.0,150285.0,129613.0,110616.0,74374.0,51008.0,48205.0,2712912.0,6.4,6.6,6.5,5.8,6.3,6.9,7.6,7.5,6.5,172340.0,6.7,6.3,6.1,5.5,4.8,4.1,2.7,1.9,1.8,177875.0,175015.0,156751.0,169909.0,188320.0,207068.0,203310.0,,,,,,,,,,,,,,,,,,,,,,,,,,,,,,,,,,,,,,,,,,,,,,,,,,,,,,,,,,,,,,,,,,,,,,,,,,,,,,,,,,,,,,,,,,,,,,,,,,,,,,,,,,,,,351.0,10124.0,2760.0
WA,2021,34039.0,1.73,15891.0,4.8,65.0,1787608.0,37.5,1.1,38.6,38.0,91759.0,89410.0,88221.0,83775.0,78355.0,68771.0,59306.0,40211.0,28830.0,30540.0,1373048.0,6.0,6.4,6.3,5.6,5.9,6.7,7.6,7.6,6.7,82778.0,6.5,6.4,6.1,5.7,5.0,4.3,2.9,2.1,2.2,87381.0,86908.0,77023.0,80580.0,91703.0,103749.0,103748.0,91493.0,90830.0,89598.0,83629.0,75640.0,64480.0,57017.0,38252.0,24587.0,19926.0,1376317.0,6.4,6.7,6.7,5.9,6.2,6.8,7.4,7.6,6.6,87995.0,6.6,6.5,6.1,5.5,4.7,4.1,2.8,1.8,1.4,92535.0,92240.0,81775.0,85971.0,93254.0,102226.0,104869.0,183252.0,180240.0,177819.0,167404.0,153995.0,133251.0,116323.0,78463.0,53417.0,50466.0,2749365.0,6.2,6.5,6.5,5.8,6.1,6.7,7.5,7.6,6.7,170773.0,6.6,6.5,6.1,5.6,4.8,4.2,2.9,1.9,1.8,179916.0,179148.0,158798.0,166551.0,184957.0,205975.0,208617.0,52709.0,,,,,,,,,,,38.2,16.7,45.1,7666.0,53.1,14447.0,24181.0,83.9,45.9,58704.0,61302.0,120006.0,18784.0,10478.0,8897.0,6810.0,6075.0,7660.0,4556.0,37.1,12266.0,,,,3378.0,35.0,2.1,71585.0,56414.0,78.8,8257.0,11.5,3613.0,5.0,1781.0,2.5,1518.0,28815.0,13.9,84.9,54.7,18600.0,49.8,37357.0,,,,,,,19970.0,11227.0,9858.0,7409.0,6072.0,6766.0,25.1,24.5,24.8,45.3,38754.0,21705.0,18755.0,14219.0,12147.0,14426.0,,,,25815.0,33.5,47647.0,61.9,7340.0,12.2,4632.0,16.1,10988.0,18.2,5669.0,9.4,18072.0,30.0,35599.0,59.1,,,,,6004.0,10.0,75577.0,63.0,4304.0,61.1,7049.0,252663248.3,332.0,9280.0,2321.0
WA,2022,31460.0,1.69,17299.0,4.8,64.9,1812086.0,37.7,1.1,38.9,38.3,94983.0,88313.0,90666.0,83580.0,79943.0,70182.0,60020.0,43984.0,30020.0,31521.0,1393443.0,5.9,6.3,6.3,5.7,5.8,6.6,7.4,7.6,6.8,82616.0,6.3,6.5,6.0,5.7,5.0,4.3,3.2,2.2,2.3,87877.0,87892.0,80077.0,80379.0,91849.0,103386.0,106155.0,95115.0,89422.0,92090.0,83759.0,77397.0,65795.0,57042.0,41677.0,26028.0,20917.0,1398351.0,6.3,6.7,6.7,6.1,6.2,6.8,7.3,7.6,6.8,87509.0,6.4,6.6,6.0,5.5,4.7,4.1,3.0,1.9,1.5,93559.0,93069.0,85145.0,86120.0,94501.0,102435.0,106771.0,190098.0,177735.0,182756.0,167339.0,157340.0,135977.0,117062.0,85661.0,56048.0,52438.0,2791794.0,6.1,6.5,6.5,5.9,6.0,6.7,7.4,7.6,6.8,170125.0,6.4,6.5,6.0,5.6,4.9,4.2,3.1,2.0,1.9,181436.0,180961.0,165222.0,166499.0,186350.0,205821.0,212926.0,,,,,,,,,,,,,,,,,,,,,,,,,,,,,,,,,,,,,,,,,,,,,,,,,,,,,,,,,,,,,,,,,,,,,,,,,,,,,,,,,,,,,,,,,,,,,,,,,,,,,,,,,,,,,375.0,9186.0,2320.0
WA,2023,32031.0,1.65,17475.0,4.9,65.3,1880771.0,37.5,1.1,38.7,38.1,99841.0,88840.0,92028.0,83853.0,81620.0,71790.0,61510.0,47513.0,30972.0,32661.0,1435976.0,5.7,6.2,6.2,5.9,5.9,6.8,7.5,7.7,7.0,82179.0,6.2,6.4,5.8,5.7,5.0,4.3,3.3,2.2,2.3,89219.0,89396.0,84440.0,84703.0,98012.0,107535.0,109864.0,100808.0,89780.0,93504.0,83931.0,79535.0,67274.0,57512.0,44961.0,26992.0,22160.0,1445251.0,6.0,6.6,6.5,6.2,6.3,7.1,7.4,7.7,7.0,86994.0,6.2,6.5,5.8,5.5,4.7,4.0,3.1,1.9,1.5,94733.0,94590.0,90099.0,91568.0,103016.0,107108.0,110686.0,200649.0,178620.0,185532.0,167784.0,161155.0,139064.0,119022.0,92474.0,57964.0,54821.0,2883762.0,5.9,6.4,6.4,6.1,6.1,7.0,7.4,7.7,7.0,169173.0,6.2,6.4,5.8,5.6,4.8,4.1,3.2,2.0,1.9,183952.0,183986.0,174539.0,176271.0,201028.0,214643.0,220550.0,,,,,,,,,,,,,,,,,,,,,,,,,,,,,,,,,,,,,,,,,,,,,,,,,,,,,,,,,,,,,,,,,,,,,,,,,,,,,,,,,,,,,,,,,,,,,,,,,,,,,,,,,,,,,393.0,8712.0,2122.0
WA,2024,,,,,,,,1.2,,,,,,,,,,,,,,,,,,,,,,,,,,,,,,,,,,,,,,,,,,,,,,,,,,,,,,,,,,,,,,,,,,,,,,,,,,,,,,,,,,,,,,,2965078.0,,,,,,,,,,,,,,,,,,,,,,,,,,,,,,,,,,,,,,,,,,,,,,,,,,,,,,,,,,,,,,,,,,,,,,,,,,,,,,,,,,,,,,,,,,,,,,,,,,,,,,,,,,,,,,,,,,,,,,,,,,,,,,,,,,,,,,,398.0,8236.0,1974.0
